-- === Propiedades Empresa
-- rutas documentos
INSERT INTO iv_property_type(type_id, code, descr, encrypt, mandatory, created_date, created_user) VALUES ('PGEN', '', 'Ruta generados', false, false, current_date, 'INSTALLATION');
INSERT INTO iv_property_type(type_id, code, descr, encrypt, mandatory, created_date, created_user) VALUES ('PSIG', '', 'Ruta firmados', false, false, current_date, 'INSTALLATION');
INSERT INTO iv_property_type(type_id, code, descr, encrypt, mandatory, created_date, created_user) VALUES ('PAUT', '', 'Ruta autorizados', false, false, current_date, 'INSTALLATION');
INSERT INTO iv_property_type(type_id, code, descr, encrypt, mandatory, created_date, created_user) VALUES ('PREJ', '', 'Ruta rechazados', false, false, current_date, 'INSTALLATION');
INSERT INTO iv_property_type(type_id, code, descr, encrypt, mandatory, created_date, created_user) VALUES ('PUPL', '', 'Ruta subida de archivos', false, false, current_date, 'INSTALLATION');
INSERT INTO iv_property_type(type_id, code, descr, encrypt, mandatory, created_date, created_user) VALUES ('PTMP', '', 'Ruta temporal', false, false, current_date, 'INSTALLATION');
INSERT INTO iv_property_type(type_id, code, descr, encrypt, mandatory, created_date, created_user) VALUES ('PREC', '', 'Ruta recibidos', false, false, current_date, 'INSTALLATION');
INSERT INTO iv_property_type(type_id, code, descr, encrypt, mandatory, created_date, created_user) VALUES ('PJAS', '', 'Ruta jasper', false, false, current_date, 'INSTALLATION');
INSERT INTO iv_property_type(type_id, code, descr, encrypt, mandatory, created_date, created_user) VALUES ('PARC', '', 'Ruta archivados', false, false, current_date, 'INSTALLATION');
--smtp
INSERT INTO iv_property_type(type_id, code, descr, encrypt, mandatory, created_date, created_user) VALUES ('SMTPH', '', 'Servidor SMTP', false, false, current_date, 'INSTALLATION');
INSERT INTO iv_property_type(type_id, code, descr, encrypt, mandatory, created_date, created_user) VALUES ('SMTPP', '', 'Puerto SMTP', false, false, current_date, 'INSTALLATION');
INSERT INTO iv_property_type(type_id, code, descr, encrypt, mandatory, created_date, created_user) VALUES ('SMTPS', '', 'SSL SMTP', false, false, current_date, 'INSTALLATION');
INSERT INTO iv_property_type(type_id, code, descr, encrypt, mandatory, created_date, created_user) VALUES ('SMTPU', '', 'Usuario SMTP', false, false, current_date, 'INSTALLATION');
INSERT INTO iv_property_type(type_id, code, descr, encrypt, mandatory, created_date, created_user) VALUES ('SMTPPS', '', 'Password Usuario SMTP', false, false, current_date, 'INSTALLATION');
--emails
INSERT INTO iv_property_type(type_id, code, descr, encrypt, mandatory, created_date, created_user) VALUES ('EMAILS', '', 'Correo de Envio', false, false, current_date, 'INSTALLATION');
INSERT INTO iv_property_type(type_id, code, descr, encrypt, mandatory, created_date, created_user) VALUES ('EMAILSU', '', 'Usuario Correo de Envio', false, false, current_date, 'INSTALLATION');
INSERT INTO iv_property_type(type_id, code, descr, encrypt, mandatory, created_date, created_user) VALUES ('EMAILSP', '', 'Password Correo de Envio', true, false, current_date, 'INSTALLATION');
INSERT INTO iv_property_type(type_id, code, descr, encrypt, mandatory, created_date, created_user) VALUES ('EMAILR', '', 'Correo de Recepción', false, false, current_date, 'INSTALLATION');
INSERT INTO iv_property_type(type_id, code, descr, encrypt, mandatory, created_date, created_user) VALUES ('EMAILRU', '', 'Usuario Correo de Recepción', false, false, current_date, 'INSTALLATION');
INSERT INTO iv_property_type(type_id, code, descr, encrypt, mandatory, created_date, created_user) VALUES ('EMAILRP', '', 'Password Correo de Recepción', true, false, current_date, 'INSTALLATION');
--Firma Digital
INSERT INTO iv_property_type(type_id, code, descr, encrypt, mandatory, created_date, created_user) VALUES ('CERPATH', '', 'Ruta Certificado Digital', false, false, current_date, 'INSTALLATION');
INSERT INTO iv_property_type(type_id, code, descr, encrypt, mandatory, created_date, created_user) VALUES ('CERT', '', 'Tipo Certificado Digital', false, false, current_date, 'INSTALLATION');
INSERT INTO iv_property_type(type_id, code, descr, encrypt, mandatory, created_date, created_user) VALUES ('CERSTU', '', 'Store Certificado Digital Usuario', false, false, current_date, 'INSTALLATION');
INSERT INTO iv_property_type(type_id, code, descr, encrypt, mandatory, created_date, created_user) VALUES ('CERSTP', '', 'Store Certificado Digital Password', true, false, current_date, 'INSTALLATION');
INSERT INTO iv_property_type(type_id, code, descr, encrypt, mandatory, created_date, created_user) VALUES ('CERU', '', 'Certificado Digital Usuario', false, false, current_date, 'INSTALLATION');
INSERT INTO iv_property_type(type_id, code, descr, encrypt, mandatory, created_date, created_user) VALUES ('CERP', '', 'Certificado Digital Password', true, false, current_date, 'INSTALLATION');
INSERT INTO iv_property_type(type_id, code, descr, encrypt, mandatory, created_date, created_user) VALUES ('CERIDS', '', 'Certificado Digital IDSign', false, false, current_date, 'INSTALLATION');
INSERT INTO iv_property_type(type_id, code, descr, encrypt, mandatory, created_date, created_user) VALUES ('CERISIG', '', 'Certificado Digital Signature', false, false, current_date, 'INSTALLATION');
--Varios
INSERT INTO iv_property_type(type_id, code, descr, encrypt, mandatory, created_date, created_user) VALUES ('TELEF', '', 'Telefono', false, false, current_date, 'INSTALLATION');
INSERT INTO iv_property_type(type_id, code, descr, encrypt, mandatory, created_date, created_user) VALUES ('HOLD', '', 'Retencion Documentos', false, false, current_date, 'INSTALLATION');
INSERT INTO iv_property_type(type_id, code, descr, encrypt, mandatory, created_date, created_user) VALUES ('FORF', '', 'Formato Nombre Archivo Fact/NC/ND Regex', false, false, current_date, 'INSTALLATION');
INSERT INTO iv_property_type(type_id, code, descr, encrypt, mandatory, created_date, created_user) VALUES ('FORR', '', 'Formato Nombre Archivo Resumen Regex', false, false, current_date, 'INSTALLATION');
INSERT INTO iv_property_type(type_id, code, descr, encrypt, mandatory, created_date, created_user) VALUES ('FNAME', '', 'Nombre de Archivo de Entrada', false, false, current_date, 'INSTALLATION');
--direccion
INSERT INTO iv_property_type(type_id, code, descr, encrypt, mandatory, created_date, created_user) VALUES ('UBIGEO', '', 'Ubigeo', false, false, current_date, 'INSTALLATION');
INSERT INTO iv_property_type(type_id, code, descr, encrypt, mandatory, created_date, created_user) VALUES ('DIR', '', 'Dirección', false, false, current_date, 'INSTALLATION');
INSERT INTO iv_property_type(type_id, code, descr, encrypt, mandatory, created_date, created_user) VALUES ('DIRURB', '', 'Urbanización', false, false, current_date, 'INSTALLATION');
INSERT INTO iv_property_type(type_id, code, descr, encrypt, mandatory, created_date, created_user) VALUES ('DIRPRV', '', 'Provincia', false, false, current_date, 'INSTALLATION');
INSERT INTO iv_property_type(type_id, code, descr, encrypt, mandatory, created_date, created_user) VALUES ('DIRDEP', '', 'Departamento', false, false, current_date, 'INSTALLATION');
INSERT INTO iv_property_type(type_id, code, descr, encrypt, mandatory, created_date, created_user) VALUES ('DIRDIS', '', 'Distrito', false, false, current_date, 'INSTALLATION');
INSERT INTO iv_property_type(type_id, code, descr, encrypt, mandatory, created_date, created_user) VALUES ('DIRPAIS', '', 'Pais', false, false, current_date, 'INSTALLATION');

--general
INSERT INTO iv_property_type(type_id, code, descr, encrypt, mandatory, created_date, created_user) VALUES ('TIPIDDOC', '', 'Tipo Identificacion', false, false, current_date, 'INSTALLATION');
INSERT INTO iv_property_type(type_id, code, descr, encrypt, mandatory, created_date, created_user) VALUES ('TIPIDADQ', '', 'Tipo Identificacion Adquirente', false, false, current_date, 'INSTALLATION');
INSERT INTO iv_property_type(type_id, code, descr, encrypt, mandatory, created_date, created_user) VALUES ('RAZSOCADQ', '', 'Razon Social Adquirente', false, false, current_date, 'INSTALLATION');
--
INSERT INTO iv_property_type(type_id, code, descr, encrypt, mandatory, created_date, created_user) VALUES ('OPERGRABCOD', '', 'Operaciones Gravadas Codigo', false, false, current_date, 'INSTALLATION');
INSERT INTO iv_property_type(type_id, code, descr, encrypt, mandatory, created_date, created_user) VALUES ('OPERGRABTOT', '', 'Operaciones Gravadas Monto', false, false, current_date, 'INSTALLATION');
INSERT INTO iv_property_type(type_id, code, descr, encrypt, mandatory, created_date, created_user) VALUES ('OPERINFCOD', '', 'Operaciones Inafectas Codigo', false, false, current_date, 'INSTALLATION');
INSERT INTO iv_property_type(type_id, code, descr, encrypt, mandatory, created_date, created_user) VALUES ('OPERINFTOT', '', 'Operaciones Inafectas Monto', false, false, current_date, 'INSTALLATION');
INSERT INTO iv_property_type(type_id, code, descr, encrypt, mandatory, created_date, created_user) VALUES ('OPEREXOCOD', '', 'Operaciones Exoneradas Codigo', false, false, current_date, 'INSTALLATION');
INSERT INTO iv_property_type(type_id, code, descr, encrypt, mandatory, created_date, created_user) VALUES ('OPEREXOTOT', '', 'Operaciones Exoneradas Monto', false, false, current_date, 'INSTALLATION');

INSERT INTO iv_property_type(type_id, code, descr, encrypt, mandatory, created_date, created_user) VALUES ('SUMIGVTOT', '', 'Sumatoria IGV Total', false, false, current_date, 'INSTALLATION');
INSERT INTO iv_property_type(type_id, code, descr, encrypt, mandatory, created_date, created_user) VALUES ('SUMIGVSUBTOT', '', 'Sumatoria IGV Sub Total', false, false, current_date, 'INSTALLATION');
INSERT INTO iv_property_type(type_id, code, descr, encrypt, mandatory, created_date, created_user) VALUES ('SUMIGVCODTRIB', '', 'Sumatoria IGV Codigo de Tributo', false, false, current_date, 'INSTALLATION');
INSERT INTO iv_property_type(type_id, code, descr, encrypt, mandatory, created_date, created_user) VALUES ('SUMIGVNOMTRIB', '', 'Sumatoria IGV Nombre de Tributo', false, false, current_date, 'INSTALLATION');
INSERT INTO iv_property_type(type_id, code, descr, encrypt, mandatory, created_date, created_user) VALUES ('SUMIGVCODITRIB', '', 'Sumatoria IGV Cod Internacional Tributo', false, false, current_date, 'INSTALLATION');

INSERT INTO iv_property_type(type_id, code, descr, encrypt, mandatory, created_date, created_user) VALUES ('SUMISCTOT', '', 'Sumatoria ISC Total', false, false, current_date, 'INSTALLATION');
INSERT INTO iv_property_type(type_id, code, descr, encrypt, mandatory, created_date, created_user) VALUES ('SUMISCSUBTOT', '', 'Sumatoria ISC Sub Total', false, false, current_date, 'INSTALLATION');
INSERT INTO iv_property_type(type_id, code, descr, encrypt, mandatory, created_date, created_user) VALUES ('SUMISCCODTRIB', '', 'Sumatoria ISC Codigo de Tributo', false, false, current_date, 'INSTALLATION');
INSERT INTO iv_property_type(type_id, code, descr, encrypt, mandatory, created_date, created_user) VALUES ('SUMISCNOMTRIB', '', 'Sumatoria ISC Nombre de Tributo', false, false, current_date, 'INSTALLATION');
INSERT INTO iv_property_type(type_id, code, descr, encrypt, mandatory, created_date, created_user) VALUES ('SUMISCCODITRIB', '', 'Sumatoria ISC Cod Internacional Tributo', false, false, current_date, 'INSTALLATION');

INSERT INTO iv_property_type(type_id, code, descr, encrypt, mandatory, created_date, created_user) VALUES ('SUMOTHTOT', '', 'Sumatoria OTH Total', false, false, current_date, 'INSTALLATION');
INSERT INTO iv_property_type(type_id, code, descr, encrypt, mandatory, created_date, created_user) VALUES ('SUMOTHSUBTOT', '', 'Sumatoria OTH Sub Total', false, false, current_date, 'INSTALLATION');
INSERT INTO iv_property_type(type_id, code, descr, encrypt, mandatory, created_date, created_user) VALUES ('SUMOTHCODTRIB', '', 'Sumatoria OTH Codigo de Tributo', false, false, current_date, 'INSTALLATION');
INSERT INTO iv_property_type(type_id, code, descr, encrypt, mandatory, created_date, created_user) VALUES ('SUMOTHNOMTRIB', '', 'Sumatoria OTH Nombre de Tributo', false, false, current_date, 'INSTALLATION');
INSERT INTO iv_property_type(type_id, code, descr, encrypt, mandatory, created_date, created_user) VALUES ('SUMOTHCODITRIB', '', 'Sumatoria OTH Cod Internacional Tributo', false, false, current_date, 'INSTALLATION');

INSERT INTO iv_property_type(type_id, code, descr, encrypt, mandatory, created_date, created_user) VALUES ('SUMOTRCARG', '', 'Sumatoria Otros Cargos', false, false, current_date, 'INSTALLATION');
INSERT INTO iv_property_type(type_id, code, descr, encrypt, mandatory, created_date, created_user) VALUES ('DSCTOCOD', '', 'Total Descuentos Codigo', false, false, current_date, 'INSTALLATION');
INSERT INTO iv_property_type(type_id, code, descr, encrypt, mandatory, created_date, created_user) VALUES ('DSCTOTOT', '', 'Total Descuentos Monto', false, false, current_date, 'INSTALLATION');

INSERT INTO iv_property_type(type_id, code, descr, encrypt, mandatory, created_date, created_user) VALUES ('NROGUIAREMI', '', 'Numero Guia de Remision', false, false, current_date, 'INSTALLATION');
INSERT INTO iv_property_type(type_id, code, descr, encrypt, mandatory, created_date, created_user) VALUES ('TIPGUIAREMI', '', 'Tipo Guia de Remision', false, false, current_date, 'INSTALLATION');

INSERT INTO iv_property_type(type_id, code, descr, encrypt, mandatory, created_date, created_user) VALUES ('NROOTRDOC', '', 'Numero Otro Documento Relacionado', false, false, current_date, 'INSTALLATION');
INSERT INTO iv_property_type(type_id, code, descr, encrypt, mandatory, created_date, created_user) VALUES ('TIPOTRDOC', '', 'Tipo Otro Documento Relacionado', false, false, current_date, 'INSTALLATION');

INSERT INTO iv_property_type(type_id, code, descr, encrypt, mandatory, created_date, created_user) VALUES ('LEYENDACOD', '', 'Leyenda Codigo', false, false, current_date, 'INSTALLATION');
INSERT INTO iv_property_type(type_id, code, descr, encrypt, mandatory, created_date, created_user) VALUES ('LEYENDADSC', '', 'Leyenda Descripcion', false, false, current_date, 'INSTALLATION');

INSERT INTO iv_property_type(type_id, code, descr, encrypt, mandatory, created_date, created_user) VALUES ('LEYENDACOD', '', 'Leyenda Codigo', false, false, current_date, 'INSTALLATION');
INSERT INTO iv_property_type(type_id, code, descr, encrypt, mandatory, created_date, created_user) VALUES ('LEYENDADSC', '', 'Leyenda Descripcion', false, false, current_date, 'INSTALLATION');

--detail
INSERT INTO iv_property_type(type_id, code, descr, encrypt, mandatory, created_date, created_user) VALUES ('UM', '', 'Unidad de Medida', false, false, current_date, 'INSTALLATION');
INSERT INTO iv_property_type(type_id, code, descr, encrypt, mandatory, created_date, created_user) VALUES ('PUI', '', 'Precio venta Unitario Item', false, false, current_date, 'INSTALLATION');
INSERT INTO iv_property_type(type_id, code, descr, encrypt, mandatory, created_date, created_user) VALUES ('CUI', '', 'Codigo venta Unitario Item', false, false, current_date, 'INSTALLATION');

---===Tipos de Documento
INSERT INTO iv_document_type(type_id, descr, created_date, created_user, updated_date, updated_user) VALUES ('01', 'Factura', current_date, 'INSTALLATION', null, null);
INSERT INTO iv_document_type(type_id, descr, created_date, created_user, updated_date, updated_user) VALUES ('03', 'Boletas', current_date, 'INSTALLATION', null, null);
INSERT INTO iv_document_type(type_id, descr, created_date, created_user, updated_date, updated_user) VALUES ('07', 'Nota Credito', current_date, 'INSTALLATION', null, null);
INSERT INTO iv_document_type(type_id, descr, created_date, created_user, updated_date, updated_user) VALUES ('08', 'Nota Debito', current_date, 'INSTALLATION', null, null);
INSERT INTO iv_document_type(type_id, descr, created_date, created_user, updated_date, updated_user) VALUES ('RC', 'Resumen de Boletas', current_date, 'INSTALLATION', null, null);
INSERT INTO iv_document_type(type_id, descr, created_date, created_user, updated_date, updated_user) VALUES ('RA', 'Comunicación de Baja', current_date, 'INSTALLATION', null, null);
INSERT INTO iv_document_type(type_id, descr, created_date, created_user, updated_date, updated_user) VALUES ('RT', 'Ticket Resumen de Boletas/Comunicacion de Baja', current_date, 'INSTALLATION', null, null);

---===Schedule 
/*
INSERT INTO iv_sched(id, descr, active, created_date, created_user, updated_date, updated_user) VALUES (0, 'Default', true, current_date, 'INSTALLATION', null, null);
INSERT INTO iv_sched_dtl(id, sched_id, day, hour_ini, min_ini, hour_end, min_end) VALUES (0,0, 'LU', '00', '00','23','59');
INSERT INTO iv_sched_dtl(id, sched_id, day, hour_ini, min_ini, hour_end, min_end) VALUES (1,0, 'MA', '00', '00','23','59');
INSERT INTO iv_sched_dtl(id, sched_id, day, hour_ini, min_ini, hour_end, min_end) VALUES (2,0, 'MI', '00', '00','23','59');
INSERT INTO iv_sched_dtl(id, sched_id, day, hour_ini, min_ini, hour_end, min_end) VALUES (3,0, 'JU', '00', '00','23','59');
INSERT INTO iv_sched_dtl(id, sched_id, day, hour_ini, min_ini, hour_end, min_end) VALUES (4,0, 'VI', '00', '00','23','59');
INSERT INTO iv_sched_dtl(id, sched_id, day, hour_ini, min_ini, hour_end, min_end) VALUES (5,0, 'SA', '00', '00','23','59');
INSERT INTO iv_sched_dtl(id, sched_id, day, hour_ini, min_ini, hour_end, min_end) VALUES (6,0, 'DO', '00', '00','23','59');


  Este emisor default y sus propiedades y tipos de documentos, es creado desde los objetos, se crea los objetos y se los persiste
---=== Emisor ejemplo
INSERT INTO iv_company(id, identification, name, business_name, address, sched_id, country_id, archive, archive_time, archive_type_time, active, certificate_in_db, certificate_file, created_date, created_user, updated_date, updated_user) VALUES (0,'20565812948','CENTELSA PERU SAC', '', 'CALLE LAS CAMELIAS Nro 877 DEPTO. # 702', 0, 'PE', true, 1, 'Y', true, false, null, current_date, 'INSTALLATION', null, null);
--documentos que puede manejar
INSERT INTO iv_company_doc_type(id, company_id, doc_type_id) VALUES (0, 0, 0); --factura
INSERT INTO iv_company_doc_type(id, company_id, doc_type_id) VALUES (1, 0, 1); --NC
INSERT INTO iv_company_doc_type(id, company_id, doc_type_id) VALUES (2, 0, 2); --ND
INSERT INTO iv_company_doc_type(id, company_id, doc_type_id) VALUES (3, 0, 3); --Boleta
INSERT INTO iv_company_doc_type(id, company_id, doc_type_id) VALUES (4, 0, 4); --Comunicacion de baja
INSERT INTO iv_company_doc_type(id, company_id, doc_type_id) VALUES (5, 0, 5); --Resumen de boleta
INSERT INTO iv_company_doc_type(id, company_id, doc_type_id) VALUES (6, 0, 6); --ticket

--propiedades de Emisor
INSERT INTO iv_company_prop(id,company_id, property_type_id, value) VALUES (0,0,0, 'c:\\mario\\invoice\\repository\\01-generated\\');
INSERT INTO iv_company_prop(id,company_id, property_type_id, value) VALUES (1,0,6, 'c:\\mario\\invoice\\repository\\02-received\\');
INSERT INTO iv_company_prop(id,company_id, property_type_id, value) VALUES (2,0,1, 'c:\\mario\\invoice\\repository\\03-signed\\');
INSERT INTO iv_company_prop(id,company_id, property_type_id, value) VALUES (3,0,2, 'c:\\mario\\invoice\\repository\\04-authorized\\');
INSERT INTO iv_company_prop(id,company_id, property_type_id, value) VALUES (4,0,3, 'c:\\mario\\invoice\\repository\\06-rejected\\');
INSERT INTO iv_company_prop(id,company_id, property_type_id, value) VALUES (5,0,7, 'c:\\mario\\invoice\\repository\\cfg\\jasper\\');
INSERT INTO iv_company_prop(id,company_id, property_type_id, value) VALUES (6,0,4, 'c:\\mario\\invoice\\repository\\07-upload\\');
INSERT INTO iv_company_prop(id,company_id, property_type_id, value) VALUES (7,0,8, 'mail.viakon.com.pe');
INSERT INTO iv_company_prop(id,company_id, property_type_id, value) VALUES (8,0,9, '25');
INSERT INTO iv_company_prop(id,company_id, property_type_id, value) VALUES (9,0,10, 'false');
INSERT INTO iv_company_prop(id,company_id, property_type_id, value) VALUES (10,0,13, 'ventas@centelsa.com.pe');
INSERT INTO iv_company_prop(id,company_id, property_type_id, value) VALUES (11,0,14, 'ventas@centelsa.com.pe');
INSERT INTO iv_company_prop(id,company_id, property_type_id, value) VALUES (12,0,15, 'password_enc');
INSERT INTO iv_company_prop(id,company_id, property_type_id, value) VALUES (13,0,16, 'recepcion_factura@centelsa.com.pe');
INSERT INTO iv_company_prop(id,company_id, property_type_id, value) VALUES (14,0,17, 'recepcion_factura@centelsa.com.pe');
INSERT INTO iv_company_prop(id,company_id, property_type_id, value) VALUES (15,0,18, 'password_enc');
INSERT INTO iv_company_prop(id,company_id, property_type_id, value) VALUES (16,0,19, 'c:\\mario\\invoice\\repository\\cfg\\keystore.jks');
INSERT INTO iv_company_prop(id,company_id, property_type_id, value) VALUES (17,0,20, 'JKS');
INSERT INTO iv_company_prop(id,company_id, property_type_id, value) VALUES (18,0,21, 'usuario_store');
INSERT INTO iv_company_prop(id,company_id, property_type_id, value) VALUES (19,0,22, 'password_store_enc');
INSERT INTO iv_company_prop(id,company_id, property_type_id, value) VALUES (20,0,23, 'usuario_certificado');
INSERT INTO iv_company_prop(id,company_id, property_type_id, value) VALUES (21,0,24, 'password_certificado_enc');
INSERT INTO iv_company_prop(id,company_id, property_type_id, value) VALUES (22,0,25, 'IDSignCTLSA');
INSERT INTO iv_company_prop(id,company_id, property_type_id, value) VALUES (23,0,26, 'SignatureCTLSA');
INSERT INTO iv_company_prop(id,company_id, property_type_id, value) VALUES (24,0,29, '[0-9]{11}-[0-9]{2}-F[0-9]{3}-[0-9]{8}\.[tT][xX][tT]');
INSERT INTO iv_company_prop(id,company_id, property_type_id, value) VALUES (25,0,30, '[0-9]{11}-[R][ATC]-[0-9]{8}\.[tT][xX][tT]');
*/

/* Dan error porque esta hardcodeado el ID property_type_id, ahora la tabla de tipos de properties usa JPA, sus ids son autogenerados, la solucion es 
 * pasar estas clases iv_customer, iv_customer_prop a JPA
---Cliente/Proveedor ejemplo 
--cliente
INSERT INTO iv_customer(id, identification, name, business_name, address, email, active, type, update_client, created_date, created_user, updated_date, updated_user) VALUES (0,'20269985900', 'EDELNOR S.A.A', '', 'JR. CESAR LOPEZ ROJAS Nro 155, SAN MIGUEL, LIMA, PERU', 'mcortez@edelnor.com.pe', true, 'C', true, current_date, 'INSTALLATION', null, null);
--propiedades de cliente
INSERT INTO iv_customer_prop(id, customer_id, property_type_id, value, created_date, created_user, updated_date, updated_user) VALUES (0,0, 27, '561-2001', current_date, 'INSTALLATION', null, null);
INSERT INTO iv_customer_prop(id, customer_id, property_type_id, value, created_date, created_user, updated_date, updated_user) VALUES (1,0, 28, 'true', current_date, 'INSTALLATION', null, null);

--proveedor 
INSERT INTO iv_customer(id, identification, name, business_name, address, email, active, type, update_client, created_date, created_user, updated_date, updated_user) VALUES (1,'20396466768', 'HUEMURA S.A.C.', '', 'AV. ESPAÑA Nø 2419 INT. 201, TRUJILLO, LA LIBERTAD, PERU', 'nhuemura@huemura.com.pe', true, 'P', true, current_date, 'INSTALLATION', null, null);
INSERT INTO iv_customer_prop(id, customer_id, property_type_id, value, created_date, created_user, updated_date, updated_user) VALUES (2,1, 27, '044-482125', current_date, 'INSTALLATION', null, null);
--proveedor boleta
INSERT INTO iv_customer(id, identification, name, business_name, address, email, active, type, update_client, created_date, created_user, updated_date, updated_user) VALUES (2,'10439800491', 'CAFFO ABANTO DALVENITH AURELIO', '', 'CAL. HUACA DEL SOL NRO. ---- URB. LA CAMPIÑA DE MOCHE LA LIBERTAD - TRUJILLO - MOCHE', 'dcffa86@gmail.com', true, 'P', false, current_date, 'INSTALLATION', null, null);
INSERT INTO iv_customer_prop(id, customer_id, property_type_id, value, created_date, created_user, updated_date, updated_user) VALUES (3,2, 27, '3588123', current_date, 'INSTALLATION', null, null);

--relacion emisor - cliente / proveedor
INSERT INTO iv_company_customer(id,  company_id, customer_id, creation_type, created_date, created_user, updated_date, updated_user) VALUES (0,0, 0, 'I', current_date, 'INSTALLATION', null, null);
INSERT INTO iv_company_customer(id,  company_id, customer_id, creation_type, created_date, created_user, updated_date, updated_user) VALUES (1,0, 1, 'I', current_date, 'INSTALLATION', null, null);
INSERT INTO iv_company_customer(id,  company_id, customer_id, creation_type, created_date, created_user, updated_date, updated_user) VALUES (2,0, 2, 'I', current_date, 'INSTALLATION', null, null);
*/


/** Los Documentos son creados desde la Aplicacion, se crean los objetos default y se los persiste 
---==== Documentos
--de cliente 1
INSERT INTO iv_doc_hdr(id, company_customer_id, legal_number, doc_type_id, issue_date, currency, amount, active, status, source, created_date, created_user, updated_date, updated_user) VALUES (0, 0, 'F002-00000003', 0, '2015-01-14', 'PEN', 1000.00, true, 'AT', 'FS', current_date, 'CORE', null, null);
INSERT INTO iv_doc_hdr_prop(id, doc_id, property_type_id, value_string, value_amount, value_date) VALUES (0,0, 32, '150131', null, null);
INSERT INTO iv_doc_hdr_prop(id, doc_id, property_type_id, value_string, value_amount, value_date) VALUES (1,0, 33, 'CALLE LAS CAMELIAS Nº 877 DEPTO. # 702', null, null);
INSERT INTO iv_doc_hdr_prop(id, doc_id, property_type_id, value_string, value_amount, value_date) VALUES (2,0, 34, '', null, null);
INSERT INTO iv_doc_hdr_prop(id, doc_id, property_type_id, value_string, value_amount, value_date) VALUES (3,0, 35, 'LIMA', null, null);
INSERT INTO iv_doc_hdr_prop(id, doc_id, property_type_id, value_string, value_amount, value_date) VALUES (4,0, 36, 'LIMA', null, null);
INSERT INTO iv_doc_hdr_prop(id, doc_id, property_type_id, value_string, value_amount, value_date) VALUES (5,0, 37, 'SAN ISIDRO', null, null);
INSERT INTO iv_doc_hdr_prop(id, doc_id, property_type_id, value_string, value_amount, value_date) VALUES (6,0, 38, 'PE', null, null);
INSERT INTO iv_doc_hdr_prop(id, doc_id, property_type_id, value_string, value_amount, value_date) VALUES (7,0, 39, '6', null, null);
INSERT INTO iv_doc_hdr_prop(id, doc_id, property_type_id, value_string, value_amount, value_date) VALUES (8,0, 40, '6', null, null);
INSERT INTO iv_doc_hdr_prop(id, doc_id, property_type_id, value_string, value_amount, value_date) VALUES (9,0, 41, 'EDELNOR S.A.A', null, null);

---....
INSERT INTO iv_doc_hdr_prop(id, doc_id, property_type_id, value_string, value_amount, value_date) VALUES (10,0, 31, '20565812948-01-F002-00000003.txt', null, null);

--detalle
INSERT INTO iv_doc_dtl(id, doc_id, sequence, code, descr, quantity, amount, created_date, created_user, updated_date, updated_user) VALUES (0, 0, '00001', 'MP020007', 'ALAMBRON MUESTRA PRUEBAS', 2.0, 5.00, current_date, 'INSTALLATION', null, null);
INSERT INTO iv_doc_dtl(id, doc_id, sequence, code, descr, quantity, amount, created_date, created_user, updated_date, updated_user) VALUES (1, 0, '00003', 'MP020008', 'ALAMBRON MUESTR PRUEBAS2', 5.0, 2.2323, current_date, 'INSTALLATION', null, null);

INSERT INTO iv_doc_dtl_prop(id, dtl_id, property_type_id, value_string, value_amount, value_date) VALUES (0,0, 74, 'KGM', null, null);
INSERT INTO iv_doc_dtl_prop(id, dtl_id, property_type_id, value_string, value_amount, value_date) VALUES (1,0, 75, null, 2.5, null);
INSERT INTO iv_doc_dtl_prop(id, dtl_id, property_type_id, value_string, value_amount, value_date) VALUES (2,0, 76, '01', null, null);
*/



/******************************************************************************************************* Mapeo de Campos de Factura *********************************************************************************************************/
/*********************************************************************************************************************************************************************************************************************************************/
insert into iv_mapfield(document_type, doc_level, source, target, length, data_type, table_reference, field_reference, country, source_type ) values ('01', 'CF', '01','/Invoice/cbc:IssueDate',10,'STRING','','','PE','TXT');   
insert into iv_mapfield(document_type, doc_level, source, target, length, data_type, table_reference, field_reference, country, source_type ) values ('01', 'CF', '02','/Invoice/cac:AccountingSupplierParty/cac:Party/cac:PartyLegalEntity/cbc:RegistrationName',100,'STRING','','','PE','TXT');   
insert into iv_mapfield(document_type, doc_level, source, target, length, data_type, table_reference, field_reference, country, source_type ) values ('01', 'CF', '03','/Invoice/cac:AccountingSupplierParty/cac:Party/cac:PartyName/cbc:Name',100,'STRING','','','PE','TXT');   
insert into iv_mapfield(document_type, doc_level, source, target, length, data_type, table_reference, field_reference, country, source_type ) values ('01', 'CF', '04','/Invoice/cac:AccountingSupplierParty/cac:Party/cac:PostalAddress/cbc:ID',6,'STRING','','','PE','TXT');   
insert into iv_mapfield(document_type, doc_level, source, target, length, data_type, table_reference, field_reference, country, source_type ) values ('01', 'CF', '05','/Invoice/cac:AccountingSupplierParty/cac:Party/cac:PostalAddress/cbc:StreetName',100,'STRING','','','PE','TXT');   
insert into iv_mapfield(document_type, doc_level, source, target, length, data_type, table_reference, field_reference, country, source_type ) values ('01', 'CF', '06','/Invoice/cac:AccountingSupplierParty/cac:Party/cac:PostalAddress/cbc:CitySubdivisionName',25,'STRING','','','PE','TXT');   
insert into iv_mapfield(document_type, doc_level, source, target, length, data_type, table_reference, field_reference, country, source_type ) values ('01', 'CF', '07','/Invoice/cac:AccountingSupplierParty/cac:Party/cac:PostalAddress/cbc:CityName',30,'STRING','','','PE','TXT');   
insert into iv_mapfield(document_type, doc_level, source, target, length, data_type, table_reference, field_reference, country, source_type ) values ('01', 'CF', '08','/Invoice/cac:AccountingSupplierParty/cac:Party/cac:PostalAddress/cbc:CountrySubentity',30,'STRING','','','PE','TXT');   
insert into iv_mapfield(document_type, doc_level, source, target, length, data_type, table_reference, field_reference, country, source_type ) values ('01', 'CF', '09','/Invoice/cac:AccountingSupplierParty/cac:Party/cac:PostalAddress/cbc:District',30,'STRING','','','PE','TXT');   
insert into iv_mapfield(document_type, doc_level, source, target, length, data_type, table_reference, field_reference, country, source_type ) values ('01', 'CF', '10','/Invoice/cac:AccountingSupplierParty/cac:Party/cac:PostalAddress/cac:Country/cbc:IdentificationCode',2,'STRING','','','PE','TXT');   
insert into iv_mapfield(document_type, doc_level, source, target, length, data_type, table_reference, field_reference, country, source_type ) values ('01', 'CF', '11','/Invoice/cac:AccountingSupplierParty/cbc:CustomerAssignedAccountID',11,'NUMBER','','','PE','TXT');   
insert into iv_mapfield(document_type, doc_level, source, target, length, data_type, table_reference, field_reference, country, source_type ) values ('01', 'CF', '12','/Invoice/cac:AccountingSupplierParty/cbc:AdditionalAccountID',1,'NUMBER','','','PE','TXT');   
insert into iv_mapfield(document_type, doc_level, source, target, length, data_type, table_reference, field_reference, country, source_type ) values ('01', 'CF', '13','/Invoice/cbc:InvoiceTypeCode',2,'STRING','','','PE','TXT');   
insert into iv_mapfield(document_type, doc_level, source, target, length, data_type, table_reference, field_reference, country, source_type ) values ('01', 'CF', '14','/Invoice/cbc:ID',13,'STRING','','','PE','TXT');   
insert into iv_mapfield(document_type, doc_level, source, target, length, data_type, table_reference, field_reference, country, source_type ) values ('01', 'CF', '15','/Invoice/cac:AccountingCustomerParty/cbc:CustomerAssignedAccountID',15,'STRING','','','PE','TXT');   
insert into iv_mapfield(document_type, doc_level, source, target, length, data_type, table_reference, field_reference, country, source_type ) values ('01', 'CF', '16','/Invoice/cac:AccountingCustomerParty/cbc:AdditionalAccountID',1,'STRING','','','PE','TXT');   
insert into iv_mapfield(document_type, doc_level, source, target, length, data_type, table_reference, field_reference, country, source_type ) values ('01', 'CF', '17','/Invoice/cac:AccountingCustomerParty/cac:Party/cac:PartyLegalEntity/cbc:RegistrationName',100,'STRING','','','PE','TXT');   
insert into iv_mapfield(document_type, doc_level, source, target, length, data_type, table_reference, field_reference, country, source_type ) values ('01', 'CF', '18','/Invoice/cbc:DocumentCurrencyCode',3,'STRING','','','PE','TXT');   
insert into iv_mapfield(document_type, doc_level, source, target, length, data_type, table_reference, field_reference, country, source_type ) values ('01', 'CF', '19','/Invoice/ext:UBLExtensions/ext:UBLExtension/ext:ExtensionContent/sac:AdditionalInformation/sac:AdditionalMonetaryTotal/cbc:ID_1',4,'STRING','','','PE','TXT');   
insert into iv_mapfield(document_type, doc_level, source, target, length, data_type, table_reference, field_reference, country, source_type ) values ('01', 'CF', '20','/Invoice/ext:UBLExtensions/ext:UBLExtension/ext:ExtensionContent/sac:AdditionalInformation/sac:AdditionalMonetaryTotal/cbc:PayableAmount_1',15,'DOUBLE','','','PE','TXT');   
insert into iv_mapfield(document_type, doc_level, source, target, length, data_type, table_reference, field_reference, country, source_type ) values ('01', 'CF', '21','/Invoice/ext:UBLExtensions/ext:UBLExtension/ext:ExtensionContent/sac:AdditionalInformation/sac:AdditionalMonetaryTotal/cbc:ID_2',4,'STRING','','','PE','TXT');   
insert into iv_mapfield(document_type, doc_level, source, target, length, data_type, table_reference, field_reference, country, source_type ) values ('01', 'CF', '22','/Invoice/ext:UBLExtensions/ext:UBLExtension/ext:ExtensionContent/sac:AdditionalInformation/sac:AdditionalMonetaryTotal/cbc:PayableAmount_2',15,'DOUBLE','','','PE','TXT');   
insert into iv_mapfield(document_type, doc_level, source, target, length, data_type, table_reference, field_reference, country, source_type ) values ('01', 'CF', '23','/Invoice/ext:UBLExtensions/ext:UBLExtension/ext:ExtensionContent/sac:AdditionalInformation/sac:AdditionalMonetaryTotal/cbc:ID_3',4,'STRING','','','PE','TXT');   
insert into iv_mapfield(document_type, doc_level, source, target, length, data_type, table_reference, field_reference, country, source_type ) values ('01', 'CF', '24','/Invoice/ext:UBLExtensions/ext:UBLExtension/ext:ExtensionContent/sac:AdditionalInformation/sac:AdditionalMonetaryTotal/cbc:PayableAmount_3',15,'DOUBLE','','','PE','TXT');   
insert into iv_mapfield(document_type, doc_level, source, target, length, data_type, table_reference, field_reference, country, source_type ) values ('01', 'CF', '25','/Invoice/cac:TaxTotal/cbc:TaxAmount_1',15,'DOUBLE','','','PE','TXT');   
insert into iv_mapfield(document_type, doc_level, source, target, length, data_type, table_reference, field_reference, country, source_type ) values ('01', 'CF', '26','/Invoice/cac:TaxTotal/cac:TaxSubtotal/cbc:TaxAmount_1',15,'DOUBLE','','','PE','TXT');   
insert into iv_mapfield(document_type, doc_level, source, target, length, data_type, table_reference, field_reference, country, source_type ) values ('01', 'CF', '27','/Invoice/cac:TaxTotal/cac:TaxSubtotal/cac:TaxCategory/cac:TaxScheme/cbc:ID_1',4,'STRING','','','PE','TXT');   
insert into iv_mapfield(document_type, doc_level, source, target, length, data_type, table_reference, field_reference, country, source_type ) values ('01', 'CF', '28','/Invoice/cac:TaxTotal/cac:TaxSubtotal/cac:TaxCategory/cac:TaxScheme/cbc:Name_1',6,'STRING','','','PE','TXT');   
insert into iv_mapfield(document_type, doc_level, source, target, length, data_type, table_reference, field_reference, country, source_type ) values ('01', 'CF', '29','/Invoice/cac:TaxTotal/cac:TaxSubtotal/cac:TaxCategory/cac:TaxScheme/cbc:TaxTypeCode_1',3,'STRING','','','PE','TXT');   
insert into iv_mapfield(document_type, doc_level, source, target, length, data_type, table_reference, field_reference, country, source_type ) values ('01', 'CF', '30','/Invoice/cac:TaxTotal/cbc:TaxAmount_2',15,'DOUBLE','','','PE','TXT');   
insert into iv_mapfield(document_type, doc_level, source, target, length, data_type, table_reference, field_reference, country, source_type ) values ('01', 'CF', '31','/Invoice/cac:TaxTotal/cac:TaxSubtotal/cbc:TaxAmount_2',15,'DOUBLE','','','PE','TXT');   
insert into iv_mapfield(document_type, doc_level, source, target, length, data_type, table_reference, field_reference, country, source_type ) values ('01', 'CF', '32','/Invoice/cac:TaxTotal/cac:TaxSubtotal/cac:TaxCategory/cac:TaxScheme/cbc:ID_2',4,'STRING','','','PE','TXT');   
insert into iv_mapfield(document_type, doc_level, source, target, length, data_type, table_reference, field_reference, country, source_type ) values ('01', 'CF', '33','/Invoice/cac:TaxTotal/cac:TaxSubtotal/cac:TaxCategory/cac:TaxScheme/cbc:Name_2',6,'STRING','','','PE','TXT');   
insert into iv_mapfield(document_type, doc_level, source, target, length, data_type, table_reference, field_reference, country, source_type ) values ('01', 'CF', '34','/Invoice/cac:TaxTotal/cac:TaxSubtotal/cac:TaxCategory/cac:TaxScheme/cbc:TaxTypeCode_2',3,'STRING','','','PE','TXT');   
insert into iv_mapfield(document_type, doc_level, source, target, length, data_type, table_reference, field_reference, country, source_type ) values ('01', 'CF', '35','/Invoice/cac:TaxTotal/cbc:TaxAmount_3',15,'DOUBLE','','','PE','TXT');   
insert into iv_mapfield(document_type, doc_level, source, target, length, data_type, table_reference, field_reference, country, source_type ) values ('01', 'CF', '36','/Invoice/cac:TaxTotal/cac:TaxSubtotal/cbc:TaxAmount_3',15,'DOUBLE','','','PE','TXT');   
insert into iv_mapfield(document_type, doc_level, source, target, length, data_type, table_reference, field_reference, country, source_type ) values ('01', 'CF', '37','/Invoice/cac:TaxTotal/cac:TaxSubtotal/cac:TaxCategory/cac:TaxScheme/cbc:ID_3',4,'STRING','','','PE','TXT');   
insert into iv_mapfield(document_type, doc_level, source, target, length, data_type, table_reference, field_reference, country, source_type ) values ('01', 'CF', '38','/Invoice/cac:TaxTotal/cac:TaxSubtotal/cac:TaxCategory/cac:TaxScheme/cbc:Name_3',6,'STRING','','','PE','TXT');   
insert into iv_mapfield(document_type, doc_level, source, target, length, data_type, table_reference, field_reference, country, source_type ) values ('01', 'CF', '39','/Invoice/cac:TaxTotal/cac:TaxSubtotal/cac:TaxCategory/cac:TaxScheme/cbc:TaxTypeCode_3',3,'STRING','','','PE','TXT');   
insert into iv_mapfield(document_type, doc_level, source, target, length, data_type, table_reference, field_reference, country, source_type ) values ('01', 'CF', '40','/Invoice/cac:LegalMonetaryTotal/cbc:ChargeTotalAmount',15,'DOUBLE','','','PE','TXT');   
insert into iv_mapfield(document_type, doc_level, source, target, length, data_type, table_reference, field_reference, country, source_type ) values ('01', 'CF', '41','/Invoice/ext:UBLExtensions/ext:UBLExtension/ext:ExtensionContent/sac:AdditionalInformation/sac:AdditionalMonetaryTotal/cbc:ID_4',4,'STRING','','','PE','TXT');   
insert into iv_mapfield(document_type, doc_level, source, target, length, data_type, table_reference, field_reference, country, source_type ) values ('01', 'CF', '42','/Invoice/ext:UBLExtensions/ext:UBLExtension/ext:ExtensionContent/sac:AdditionalInformation/sac:AdditionalMonetaryTotal/cbc:PayableAmount_4',15,'DOUBLE','','','PE','TXT');   
insert into iv_mapfield(document_type, doc_level, source, target, length, data_type, table_reference, field_reference, country, source_type ) values ('01', 'CF', '43','/Invoice/cac:LegalMonetaryTotal/cbc:PayableAmount',15,'DOUBLE','','','PE','TXT');   
insert into iv_mapfield(document_type, doc_level, source, target, length, data_type, table_reference, field_reference, country, source_type ) values ('01', 'CF', '44','/Invoice/cac:DespatchDocumentReference/cbc:ID',30,'STRING','','','PE','TXT');   
insert into iv_mapfield(document_type, doc_level, source, target, length, data_type, table_reference, field_reference, country, source_type ) values ('01', 'CF', '45','/Invoice/cac:DespatchDocumentReference/cbc:DocumentTypeCode',2,'STRING','','','PE','TXT');   
insert into iv_mapfield(document_type, doc_level, source, target, length, data_type, table_reference, field_reference, country, source_type ) values ('01', 'CF', '46','/Invoice/cac:AdditionalDocumentReference/cbc:ID',30,'STRING','','','PE','TXT');   
insert into iv_mapfield(document_type, doc_level, source, target, length, data_type, table_reference, field_reference, country, source_type ) values ('01', 'CF', '47','/Invoice/cac:AdditionalDocumentReference/cbc:DocumentTypeCode',2,'STRING','','','PE','TXT');   
insert into iv_mapfield(document_type, doc_level, source, target, length, data_type, table_reference, field_reference, country, source_type ) values ('01', 'CF', '48','/Invoice/ext:UBLExtensions/ext:UBLExtension/ext:ExtensionContent/sac:AdditionalInformation/sac:AdditionalProperty/cbc:ID_1',4,'STRING','','','PE','TXT');   
insert into iv_mapfield(document_type, doc_level, source, target, length, data_type, table_reference, field_reference, country, source_type ) values ('01', 'CF', '49','/Invoice/ext:UBLExtensions/ext:UBLExtension/ext:ExtensionContent/sac:AdditionalInformation/sac:AdditionalProperty/cbc:Value_1',100,'STRING','','','PE','TXT');   
insert into iv_mapfield(document_type, doc_level, source, target, length, data_type, table_reference, field_reference, country, source_type ) values ('01', 'CF', '50','/Invoice/ext:UBLExtensions/ext:UBLExtension/ext:ExtensionContent/sac:AdditionalInformation/sac:AdditionalMonetaryTotal/cbc:ID_5',4,'STRING','','','PE','TXT');   
insert into iv_mapfield(document_type, doc_level, source, target, length, data_type, table_reference, field_reference, country, source_type ) values ('01', 'CF', '51','/Invoice/ext:UBLExtensions/ext:UBLExtension/ext:ExtensionContent/sac:AdditionalInformation/sac:AdditionalMonetaryTotal/sac:ReferenceAmount_1',15,'DOUBLE','','','PE','TXT');   
insert into iv_mapfield(document_type, doc_level, source, target, length, data_type, table_reference, field_reference, country, source_type ) values ('01', 'CF', '52','/Invoice/ext:UBLExtensions/ext:UBLExtension/ext:ExtensionContent/sac:AdditionalInformation/sac:AdditionalMonetaryTotal/cbc:PayableAmount_5',15,'DOUBLE','','','PE','TXT');   
insert into iv_mapfield(document_type, doc_level, source, target, length, data_type, table_reference, field_reference, country, source_type ) values ('01', 'CF', '53','/Invoice/ext:UBLExtensions/ext:UBLExtension/ext:ExtensionContent/sac:AdditionalInformation/sac:AdditionalMonetaryTotal/sac:TotalAmount',15,'DOUBLE','','','PE','TXT');   
insert into iv_mapfield(document_type, doc_level, source, target, length, data_type, table_reference, field_reference, country, source_type ) values ('01', 'CF', '54','UBLversion',10,'STRING','','','PE','TXT');   
insert into iv_mapfield(document_type, doc_level, source, target, length, data_type, table_reference, field_reference, country, source_type ) values ('01', 'CF', '55','UBLversionEstruc',10,'STRING','','','PE','TXT');   
insert into iv_mapfield(document_type, doc_level, source, target, length, data_type, table_reference, field_reference, country, source_type ) values ('01', 'CF', '56','/Invoice/ext:UBLExtensions/ext:UBLExtension/ext:ExtensionContent/sac:AdditionalInformation/sac:AdditionalMonetaryTotal/cbc:ID_6',4,'STRING','','','PE','TXT');   
insert into iv_mapfield(document_type, doc_level, source, target, length, data_type, table_reference, field_reference, country, source_type ) values ('01', 'CF', '57','/Invoice/ext:UBLExtensions/ext:UBLExtension/ext:ExtensionContent/sac:AdditionalInformation/sac:AdditionalMonetaryTotal/sac:ReferenceAmount_2',15,'DOUBLE','','','PE','TXT');   
insert into iv_mapfield(document_type, doc_level, source, target, length, data_type, table_reference, field_reference, country, source_type ) values ('01', 'CF', '58','/Invoice/ext:UBLExtensions/ext:UBLExtension/ext:ExtensionContent/sac:AdditionalInformation/sac:AdditionalProperty/cbc:ID_2',4,'STRING','','','PE','TXT');   
insert into iv_mapfield(document_type, doc_level, source, target, length, data_type, table_reference, field_reference, country, source_type ) values ('01', 'CF', '59','/Invoice/ext:UBLExtensions/ext:UBLExtension/ext:ExtensionContent/sac:AdditionalInformation/sac:AdditionalProperty/cbc:Value_2',100,'STRING','','','PE','TXT');   
insert into iv_mapfield(document_type, doc_level, source, target, length, data_type, table_reference, field_reference, country, source_type ) values ('01', 'CF', '60','/Invoice/ext:UBLExtensions/ext:UBLExtension/ext:ExtensionContent/sac:AdditionalInformation/sac:AdditionalProperty/cbc:ID_3',4,'STRING','','','PE','TXT');   
insert into iv_mapfield(document_type, doc_level, source, target, length, data_type, table_reference, field_reference, country, source_type ) values ('01', 'CF', '61','/Invoice/ext:UBLExtensions/ext:UBLExtension/ext:ExtensionContent/sac:AdditionalInformation/sac:AdditionalProperty/cbc:Value_3',150,'STRING','','','PE','TXT');   
insert into iv_mapfield(document_type, doc_level, source, target, length, data_type, table_reference, field_reference, country, source_type ) values ('01', 'CF', '62','/Invoice/ext:UBLExtensions/ext:UBLExtension/ext:ExtensionContent/sac:AdditionalInformation/sac:AdditionalProperty/cbc:ID_4',4,'STRING','','','PE','TXT');   
insert into iv_mapfield(document_type, doc_level, source, target, length, data_type, table_reference, field_reference, country, source_type ) values ('01', 'CF', '63','/Invoice/ext:UBLExtensions/ext:UBLExtension/ext:ExtensionContent/sac:AdditionalInformation/sac:AdditionalProperty/cbc:Value_4',100,'STRING','','','PE','TXT');   
insert into iv_mapfield(document_type, doc_level, source, target, length, data_type, table_reference, field_reference, country, source_type ) values ('01', 'CF', '64','/Invoice/ext:UBLExtensions/ext:UBLExtension/ext:ExtensionContent/sac:AdditionalInformation/sac:AdditionalProperty/cbc:ID_5',4,'STRING','','','PE','TXT');   
insert into iv_mapfield(document_type, doc_level, source, target, length, data_type, table_reference, field_reference, country, source_type ) values ('01', 'CF', '65','/Invoice/ext:UBLExtensions/ext:UBLExtension/ext:ExtensionContent/sac:AdditionalInformation/sac:AdditionalProperty/cbc:Value_5',10,'STRING','','','PE','TXT');   
insert into iv_mapfield(document_type, doc_level, source, target, length, data_type, table_reference, field_reference, country, source_type ) values ('01', 'CF', '66','/Invoice/ext:UBLExtensions/ext:UBLExtension/ext:ExtensionContent/sac:AdditionalInformation/sac:AdditionalProperty/cbc:ID_6',4,'STRING','','','PE','TXT');   
insert into iv_mapfield(document_type, doc_level, source, target, length, data_type, table_reference, field_reference, country, source_type ) values ('01', 'CF', '67','/Invoice/ext:UBLExtensions/ext:UBLExtension/ext:ExtensionContent/sac:AdditionalInformation/sac:AdditionalProperty/cbc:Value_6',20,'STRING','','','PE','TXT');   
insert into iv_mapfield(document_type, doc_level, source, target, length, data_type, table_reference, field_reference, country, source_type ) values ('01', 'CF', '68','/Invoice/ext:UBLExtensions/ext:UBLExtension/ext:ExtensionContent/sac:AdditionalInformation/sac:AdditionalProperty/cbc:ID_7',4,'STRING','','','PE','TXT');   
insert into iv_mapfield(document_type, doc_level, source, target, length, data_type, table_reference, field_reference, country, source_type ) values ('01', 'CF', '69','/Invoice/ext:UBLExtensions/ext:UBLExtension/ext:ExtensionContent/sac:AdditionalInformation/sac:AdditionalProperty/cbc:Value_7',20,'STRING','','','PE','TXT');   
insert into iv_mapfield(document_type, doc_level, source, target, length, data_type, table_reference, field_reference, country, source_type ) values ('01', 'CF', '70','/Invoice/ext:UBLExtensions/ext:UBLExtension/ext:ExtensionContent/sac:AdditionalInformation/sac:AdditionalProperty/cbc:ID_8',4,'STRING','','','PE','TXT');   
insert into iv_mapfield(document_type, doc_level, source, target, length, data_type, table_reference, field_reference, country, source_type ) values ('01', 'CF', '71','/Invoice/ext:UBLExtensions/ext:UBLExtension/ext:ExtensionContent/sac:AdditionalInformation/sac:AdditionalProperty/cbc:Value_8',100,'STRING','','','PE','TXT');   
insert into iv_mapfield(document_type, doc_level, source, target, length, data_type, table_reference, field_reference, country, source_type ) values ('01', 'CF', '72','/Invoice/ext:UBLExtensions/ext:UBLExtension/ext:ExtensionContent/sac:AdditionalInformation/sac:AdditionalProperty/cbc:ID_9',4,'STRING','','','PE','TXT');   
insert into iv_mapfield(document_type, doc_level, source, target, length, data_type, table_reference, field_reference, country, source_type ) values ('01', 'CF', '73','/Invoice/ext:UBLExtensions/ext:UBLExtension/ext:ExtensionContent/sac:AdditionalInformation/sac:AdditionalProperty/cbc:Value_9',100,'STRING','','','PE','TXT');   
insert into iv_mapfield(document_type, doc_level, source, target, length, data_type, table_reference, field_reference, country, source_type ) values ('01', 'CF', '74','/Invoice/ext:UBLExtensions/ext:UBLExtension/ext:ExtensionContent/sac:AdditionalInformation/sac:AdditionalProperty/cbc:ID_10',4,'STRING','','','PE','TXT');   
insert into iv_mapfield(document_type, doc_level, source, target, length, data_type, table_reference, field_reference, country, source_type ) values ('01', 'CF', '75','/Invoice/ext:UBLExtensions/ext:UBLExtension/ext:ExtensionContent/sac:AdditionalInformation/sac:AdditionalProperty/cbc:Name',100,'STRING','','','PE','TXT');   
insert into iv_mapfield(document_type, doc_level, source, target, length, data_type, table_reference, field_reference, country, source_type ) values ('01', 'CF', '76','/Invoice/ext:UBLExtensions/ext:UBLExtension/ext:ExtensionContent/sac:AdditionalInformation/sac:AdditionalProperty/cbc:Value_10',15,'STRING','','','PE','TXT');   
insert into iv_mapfield(document_type, doc_level, source, target, length, data_type, table_reference, field_reference, country, source_type ) values ('01', 'CF', '77','/Invoice/ext:UBLExtensions/ext:UBLExtension/ext:ExtensionContent/sac:AdditionalInformation/sac:AdditionalProperty/cbc:ID_11',4,'STRING','','','PE','TXT');   
insert into iv_mapfield(document_type, doc_level, source, target, length, data_type, table_reference, field_reference, country, source_type ) values ('01', 'CF', '78','/Invoice/ext:UBLExtensions/ext:UBLExtension/ext:ExtensionContent/sac:AdditionalInformation/sac:AdditionalProperty/cbc:Value_11',10,'STRING','','','PE','TXT');   
insert into iv_mapfield(document_type, doc_level, source, target, length, data_type, table_reference, field_reference, country, source_type ) values ('01', 'CF', '79','/Invoice/ext:UBLExtensions/ext:UBLExtension/ext:ExtensionContent/sac:AdditionalInformation/sac:AdditionalMonetaryTotal/cbc:ID_7',4,'STRING','','','PE','TXT');   
insert into iv_mapfield(document_type, doc_level, source, target, length, data_type, table_reference, field_reference, country, source_type ) values ('01', 'CF', '80','/Invoice/ext:UBLExtensions/ext:UBLExtension/ext:ExtensionContent/sac:AdditionalInformation/sac:AdditionalMonetaryTotal/cbc:PayableAmount_6',15,'DOUBLE','','','PE','TXT');   
insert into iv_mapfield(document_type, doc_level, source, target, length, data_type, table_reference, field_reference, country, source_type ) values ('01', 'CF', '81','/Invoice/cac:LegalMonetaryTotal/cbc:AllowanceTotalAmount',15,'DOUBLE','','','PE','TXT');   
insert into iv_mapfield(document_type, doc_level, source, target, length, data_type, table_reference, field_reference, country, source_type ) values ('01', 'CF', '82','QADClienteCod',100,'STRING','','','PE','TXT');   
insert into iv_mapfield(document_type, doc_level, source, target, length, data_type, table_reference, field_reference, country, source_type ) values ('01', 'CF', '83','QADClienteDir',100,'STRING','','','PE','TXT');   
insert into iv_mapfield(document_type, doc_level, source, target, length, data_type, table_reference, field_reference, country, source_type ) values ('01', 'CF', '84','QADClienteTel',100,'STRING','','','PE','TXT');   
insert into iv_mapfield(document_type, doc_level, source, target, length, data_type, table_reference, field_reference, country, source_type ) values ('01', 'CF', '85','QADClienteEmail',100,'STRING','','','PE','TXT');   
insert into iv_mapfield(document_type, doc_level, source, target, length, data_type, table_reference, field_reference, country, source_type ) values ('01', 'CF', '86','QADNroFactura',100,'STRING','','','PE','TXT');   
insert into iv_mapfield(document_type, doc_level, source, target, length, data_type, table_reference, field_reference, country, source_type ) values ('01', 'CF', '87','QADTerms',100,'STRING','','','PE','TXT');   
insert into iv_mapfield(document_type, doc_level, source, target, length, data_type, table_reference, field_reference, country, source_type ) values ('01', 'CF', '88','QADEmailCreador',100,'STRING','','','PE','TXT'); 
insert into iv_mapfield(document_type, doc_level, source, target, length, data_type, table_reference, field_reference, country, source_type ) values ('01', 'CF', '/Invoice/cbc:DocumentCurrencyCode','/Invoice/cac:TaxTotal/cbc:TaxAmount/@currencyID_3',3,'STRING','','','PE','EXT');   
insert into iv_mapfield(document_type, doc_level, source, target, length, data_type, table_reference, field_reference, country, source_type ) values ('01', 'CF', '/Invoice/cbc:DocumentCurrencyCode','/Invoice/cac:TaxTotal/cbc:TaxAmount/@currencyID_2',3,'STRING','','','PE','EXT');   
insert into iv_mapfield(document_type, doc_level, source, target, length, data_type, table_reference, field_reference, country, source_type ) values ('01', 'CF', '/Invoice/cbc:DocumentCurrencyCode','/Invoice/cac:TaxTotal/cbc:TaxAmount/@currencyID_1',3,'STRING','','','PE','EXT');   
insert into iv_mapfield(document_type, doc_level, source, target, length, data_type, table_reference, field_reference, country, source_type ) values ('01', 'CF', '/Invoice/cbc:DocumentCurrencyCode','/Invoice/cac:LegalMonetaryTotal/cbc:PayableAmount/@currencyID',3,'STRING','','','PE','EXT');   
insert into iv_mapfield(document_type, doc_level, source, target, length, data_type, table_reference, field_reference, country, source_type ) values ('01', 'CF', '/Invoice/cbc:DocumentCurrencyCode','/Invoice/cac:TaxTotal/cac:TaxSubtotal/cbc:TaxAmount/@currencyID_3',3,'STRING','','','PE','EXT');   
insert into iv_mapfield(document_type, doc_level, source, target, length, data_type, table_reference, field_reference, country, source_type ) values ('01', 'CF', '/Invoice/cbc:DocumentCurrencyCode','/Invoice/cac:TaxTotal/cac:TaxSubtotal/cbc:TaxAmount/@currencyID_2',3,'STRING','','','PE','EXT');   
insert into iv_mapfield(document_type, doc_level, source, target, length, data_type, table_reference, field_reference, country, source_type ) values ('01', 'CF', '/Invoice/cbc:DocumentCurrencyCode','/Invoice/cac:TaxTotal/cac:TaxSubtotal/cbc:TaxAmount/@currencyID_1',3,'STRING','','','PE','EXT');   
insert into iv_mapfield(document_type, doc_level, source, target, length, data_type, table_reference, field_reference, country, source_type ) values ('01', 'CF', '/Invoice/cbc:DocumentCurrencyCode','/Invoice/cac:LegalMonetaryTotal/cbc:ChargeTotalAmount/@currencyID',3,'STRING','','','PE','EXT');   
insert into iv_mapfield(document_type, doc_level, source, target, length, data_type, table_reference, field_reference, country, source_type ) values ('01', 'CF', '/Invoice/ext:UBLExtensions/ext:UBLExtension/ext:ExtensionContent/sac:AdditionalInformation/sac:AdditionalProperty/cbc:ID_1','/Invoice/ext:UBLExtensions/ext:UBLExtension/ext:ExtensionContent/sac:AdditionalInformation/sac:AdditionalProperty/cbc:ID_1',4,'STRING','','','PE','EXTS');   
insert into iv_mapfield(document_type, doc_level, source, target, length, data_type, table_reference, field_reference, country, source_type ) values ('01', 'CF', '/Invoice/ext:UBLExtensions/ext:UBLExtension/ext:ExtensionContent/sac:AdditionalInformation/sac:AdditionalProperty/cbc:Value_1','/Invoice/ext:UBLExtensions/ext:UBLExtension/ext:ExtensionContent/sac:AdditionalInformation/sac:AdditionalProperty/cbc:Value_1',100,'STRING','','','PE','EXTS');   
		

insert into iv_mapfield(document_type, doc_level, source, target, length, data_type, table_reference, field_reference, country, source_type ) values ('01', 'DF', '01','/Invoice/cac:InvoiceLine/cbc:ID',3,'NUMBER','','','PE','TXT');   
insert into iv_mapfield(document_type, doc_level, source, target, length, data_type, table_reference, field_reference, country, source_type ) values ('01', 'DF', '02','/Invoice/cac:InvoiceLine/cac:Item/cac:SellersItemIdentification/cbc:ID',30,'STRING','','','PE','TXT');   
insert into iv_mapfield(document_type, doc_level, source, target, length, data_type, table_reference, field_reference, country, source_type ) values ('01', 'DF', '03','/Invoice/cac:InvoiceLine/cbc:InvoicedQuantity/@unitCode',3,'STRING','','','PE','TXT');   
insert into iv_mapfield(document_type, doc_level, source, target, length, data_type, table_reference, field_reference, country, source_type ) values ('01', 'DF', '04','/Invoice/cac:InvoiceLine/cbc:InvoicedQuantity',23,'STRING','','','PE','TXT');   
insert into iv_mapfield(document_type, doc_level, source, target, length, data_type, table_reference, field_reference, country, source_type ) values ('01', 'DF', '05','/Invoice/cac:InvoiceLine/cac:Item/cbc:Description',250,'STRING','','','PE','TXT');   
insert into iv_mapfield(document_type, doc_level, source, target, length, data_type, table_reference, field_reference, country, source_type ) values ('01', 'DF', '06','/Invoice/cac:InvoiceLine/cac:Price/cbc:PriceAmount',15,'DOUBLE','','','PE','TXT');   
insert into iv_mapfield(document_type, doc_level, source, target, length, data_type, table_reference, field_reference, country, source_type ) values ('01', 'DF', '07','/Invoice/cac:InvoiceLine/cac:PricingReference/cac:AlternativeConditionPrice/cbc:PriceAmount_1',23,'DOUBLE','','','PE','TXT');   
insert into iv_mapfield(document_type, doc_level, source, target, length, data_type, table_reference, field_reference, country, source_type ) values ('01', 'DF', '08','/Invoice/cac:InvoiceLine/cac:PricingReference/cac:AlternativeConditionPrice/cbc:PriceTypeCode_1',2,'STRING','','','PE','TXT');   
insert into iv_mapfield(document_type, doc_level, source, target, length, data_type, table_reference, field_reference, country, source_type ) values ('01', 'DF', '09','/Invoice/cac:InvoiceLine/cac:TaxTotal/cbc:TaxAmount_1',15,'DOUBLE','','','PE','TXT');   
insert into iv_mapfield(document_type, doc_level, source, target, length, data_type, table_reference, field_reference, country, source_type ) values ('01', 'DF', '10','/Invoice/cac:InvoiceLine/cac:TaxTotal/cac:TaxSubtotal/cbc:TaxAmount_1',15,'DOUBLE','','','PE','TXT');   
insert into iv_mapfield(document_type, doc_level, source, target, length, data_type, table_reference, field_reference, country, source_type ) values ('01', 'DF', '11','/Invoice/cac:InvoiceLine/cac:TaxTotal/cac:TaxSubtotal/cac:TaxCategory/cbc:TaxExemptionReasonCode',2,'STRING','','','PE','TXT');   
insert into iv_mapfield(document_type, doc_level, source, target, length, data_type, table_reference, field_reference, country, source_type ) values ('01', 'DF', '12','/Invoice/cac:InvoiceLine/cac:TaxTotal/cac:TaxSubtotal/cac:TaxCategory/cac:TaxScheme/cbc:ID_1',4,'STRING','','','PE','TXT');   
insert into iv_mapfield(document_type, doc_level, source, target, length, data_type, table_reference, field_reference, country, source_type ) values ('01', 'DF', '13','/Invoice/cac:InvoiceLine/cac:TaxTotal/cac:TaxSubtotal/cac:TaxCategory/cac:TaxScheme/cbc:Name_1',6,'STRING','','','PE','TXT');   
insert into iv_mapfield(document_type, doc_level, source, target, length, data_type, table_reference, field_reference, country, source_type ) values ('01', 'DF', '14','/Invoice/cac:InvoiceLine/cac:TaxTotal/cac:TaxSubtotal/cac:TaxCategory/cac:TaxScheme/cbc:TaxTypeCode_1',3,'STRING','','','PE','TXT');   
insert into iv_mapfield(document_type, doc_level, source, target, length, data_type, table_reference, field_reference, country, source_type ) values ('01', 'DF', '15','/Invoice/cac:InvoiceLine/cac:TaxTotal/cbc:TaxAmount_2',15,'DOUBLE','','','PE','TXT');   
insert into iv_mapfield(document_type, doc_level, source, target, length, data_type, table_reference, field_reference, country, source_type ) values ('01', 'DF', '16','/Invoice/cac:InvoiceLine/cac:TaxTotal/cac:TaxSubtotal/cbc:TaxAmount_2',15,'DOUBLE','','','PE','TXT');   
insert into iv_mapfield(document_type, doc_level, source, target, length, data_type, table_reference, field_reference, country, source_type ) values ('01', 'DF', '17','/Invoice/cac:InvoiceLine/cac:TaxTotal/cac:TaxSubtotal/cac:TaxCategory/cbc:TierRange',2,'STRING','','','PE','TXT');   
insert into iv_mapfield(document_type, doc_level, source, target, length, data_type, table_reference, field_reference, country, source_type ) values ('01', 'DF', '18','/Invoice/cac:InvoiceLine/cac:TaxTotal/cac:TaxSubtotal/cac:TaxCategory/cac:TaxScheme/cbc:ID_2',4,'STRING','','','PE','TXT');   
insert into iv_mapfield(document_type, doc_level, source, target, length, data_type, table_reference, field_reference, country, source_type ) values ('01', 'DF', '19','/Invoice/cac:InvoiceLine/cac:TaxTotal/cac:TaxSubtotal/cac:TaxCategory/cac:TaxScheme/cbc:Name_2',6,'STRING','','','PE','TXT');   
insert into iv_mapfield(document_type, doc_level, source, target, length, data_type, table_reference, field_reference, country, source_type ) values ('01', 'DF', '20','/Invoice/cac:InvoiceLine/cac:TaxTotal/cac:TaxSubtotal/cac:TaxCategory/cac:TaxScheme/cbc:TaxTypeCode_2',3,'STRING','','','PE','TXT');   
insert into iv_mapfield(document_type, doc_level, source, target, length, data_type, table_reference, field_reference, country, source_type ) values ('01', 'DF', '21','/Invoice/cac:InvoiceLine/cbc:LineExtensionAmount',15,'DOUBLE','','','PE','TXT');  
insert into iv_mapfield(document_type, doc_level, source, target, length, data_type, table_reference, field_reference, country, source_type ) values ('01', 'DF', '22','/Invoice/cac:InvoiceLine/cac:PricingReference/cac:AlternativeConditionPrice/cbc:PriceAmount_2',15,'DOUBLE','','','PE','TXT');   
insert into iv_mapfield(document_type, doc_level, source, target, length, data_type, table_reference, field_reference, country, source_type ) values ('01', 'DF', '23','/Invoice/cac:InvoiceLine/cac:PricingReference/cac:AlternativeConditionPrice/cbc:PriceTypeCode_2',2,'STRING','','','PE','TXT');   
insert into iv_mapfield(document_type, doc_level, source, target, length, data_type, table_reference, field_reference, country, source_type ) values ('01', 'DF', '24','/Invoice/cac:InvoiceLine/cac:Allowancecharge/cbc:ChargeIndicator',5,'STRING','','','PE','TXT');   
insert into iv_mapfield(document_type, doc_level, source, target, length, data_type, table_reference, field_reference, country, source_type ) values ('01', 'DF', '25','/Invoice/cac:InvoiceLine/cac:Allowancecharge/cbc:Amount',15,'DOUBLE','','','PE','TXT');   
insert into iv_mapfield(document_type, doc_level, source, target, length, data_type, table_reference, field_reference, country, source_type ) values ('01', 'DF', '26','QADUnidadMedida',10,'STRING','','','PE','TXT');  
insert into iv_mapfield(document_type, doc_level, source, target, length, data_type, table_reference, field_reference, country, source_type ) values ('01', 'DF', '27','QADObs',10,'STRING','','','PE','TXT');   
insert into iv_mapfield(document_type, doc_level, source, target, length, data_type, table_reference, field_reference, country, source_type ) values ('01', 'DF', '/Invoice/cbc:DocumentCurrencyCode','/Invoice/cac:InvoiceLine/cac:PricingReference/cac:AlternativeConditionPrice/cbc:PriceAmount/@currencyID_2',3,'STRING','','','PE','EXT');   
insert into iv_mapfield(document_type, doc_level, source, target, length, data_type, table_reference, field_reference, country, source_type ) values ('01', 'DF', '/Invoice/cbc:DocumentCurrencyCode','/Invoice/cac:InvoiceLine/cac:PricingReference/cac:AlternativeConditionPrice/cbc:PriceAmount/@currencyID_1',3,'STRING','','','PE','EXT');   
insert into iv_mapfield(document_type, doc_level, source, target, length, data_type, table_reference, field_reference, country, source_type ) values ('01', 'DF', '/Invoice/cbc:DocumentCurrencyCode','/Invoice/cac:InvoiceLine/cac:TaxTotal/cbc:TaxAmount/@currencyID_1',3,'STRING','','','PE','EXT');   
insert into iv_mapfield(document_type, doc_level, source, target, length, data_type, table_reference, field_reference, country, source_type ) values ('01', 'DF', '/Invoice/cbc:DocumentCurrencyCode','/Invoice/cac:InvoiceLine/cac:Price/cbc:PriceAmount/@currencyID',3,'STRING','','','PE','EXT');   
insert into iv_mapfield(document_type, doc_level, source, target, length, data_type, table_reference, field_reference, country, source_type ) values ('01', 'DF', '/Invoice/cbc:DocumentCurrencyCode','/Invoice/cac:InvoiceLine/cac:TaxTotal/cbc:TaxAmount/@currencyID_2',3,'STRING','','','PE','EXT');   
insert into iv_mapfield(document_type, doc_level, source, target, length, data_type, table_reference, field_reference, country, source_type ) values ('01', 'DF', '/Invoice/cbc:DocumentCurrencyCode','/Invoice/cac:InvoiceLine/cac:TaxTotal/cac:TaxSubtotal/cbc:TaxAmount/@currencyID_1',3,'STRING','','','PE','EXT');   
insert into iv_mapfield(document_type, doc_level, source, target, length, data_type, table_reference, field_reference, country, source_type ) values ('01', 'DF', '/Invoice/cbc:DocumentCurrencyCode','/Invoice/cac:InvoiceLine/cac:TaxTotal/cac:TaxSubtotal/cbc:TaxAmount/@currencyID_2',3,'STRING','','','PE','EXT');   
insert into iv_mapfield(document_type, doc_level, source, target, length, data_type, table_reference, field_reference, country, source_type ) values ('01', 'DF', '/Invoice/cbc:DocumentCurrencyCode','/Invoice/cac:InvoiceLine/cbc:LineExtensionAmount/@currencyID',3,'STRING','','','PE','EXT');   


/******************************************************************************************************* Mapeo de Campos de Credito *********************************************************************************************************/
/*********************************************************************************************************************************************************************************************************************************************/
insert into iv_mapfield(document_type, doc_level, source, target, length, data_type, table_reference, field_reference, country, source_type ) values ('07', 'CC', '01','/CreditNote/cbc:IssueDate',10,'STRING','','','PE','TXT');   
insert into iv_mapfield(document_type, doc_level, source, target, length, data_type, table_reference, field_reference, country, source_type ) values ('07', 'CC', '02','/CreditNote/cac:AccountingSupplierParty/cac:Party/cac:PartyLegalEntity/cbc:RegistrationName',100,'STRING','','','PE','TXT');   
insert into iv_mapfield(document_type, doc_level, source, target, length, data_type, table_reference, field_reference, country, source_type ) values ('07', 'CC', '03','/CreditNote/cac:AccountingSupplierParty/cac:Party/cac:PartyName/cbc:Name',100,'STRING','','','PE','TXT');   
insert into iv_mapfield(document_type, doc_level, source, target, length, data_type, table_reference, field_reference, country, source_type ) values ('07', 'CC', '04','/CreditNote/cac:AccountingSupplierParty/cac:Party/cac:PostalAddress/cbc:ID',6,'STRING','','','PE','TXT');   
insert into iv_mapfield(document_type, doc_level, source, target, length, data_type, table_reference, field_reference, country, source_type ) values ('07', 'CC', '05','/CreditNote/cac:AccountingSupplierParty/cac:Party/cac:PostalAddress/cbc:StreetName',100,'STRING','','','PE','TXT');  
insert into iv_mapfield(document_type, doc_level, source, target, length, data_type, table_reference, field_reference, country, source_type ) values ('07', 'CC', '06','/CreditNote/cac:AccountingSupplierParty/cac:Party/cac:PostalAddress/cbc:CitySubdivisionName',25,'STRING','','','PE','TXT');   
insert into iv_mapfield(document_type, doc_level, source, target, length, data_type, table_reference, field_reference, country, source_type ) values ('07', 'CC', '07','/CreditNote/cac:AccountingSupplierParty/cac:Party/cac:PostalAddress/cbc:CityName',30,'STRING','','','PE','TXT');   
insert into iv_mapfield(document_type, doc_level, source, target, length, data_type, table_reference, field_reference, country, source_type ) values ('07', 'CC', '08','/CreditNote/cac:AccountingSupplierParty/cac:Party/cac:PostalAddress/cbc:CountrySubentity',30,'STRING','','','PE','TXT');   
insert into iv_mapfield(document_type, doc_level, source, target, length, data_type, table_reference, field_reference, country, source_type ) values ('07', 'CC', '09','/CreditNote/cac:AccountingSupplierParty/cac:Party/cac:PostalAddress/cbc:District',30,'STRING','','','PE','TXT');  
insert into iv_mapfield(document_type, doc_level, source, target, length, data_type, table_reference, field_reference, country, source_type ) values ('07', 'CC', '10','/CreditNote/cac:AccountingSupplierParty/cac:Party/cac:PostalAddress/cac:Country/cbc:IdentificationCode',2,'STRING','','','PE','TXT');   
insert into iv_mapfield(document_type, doc_level, source, target, length, data_type, table_reference, field_reference, country, source_type ) values ('07', 'CC', '11','/CreditNote/cac:AccountingSupplierParty/cbc:CustomerAssignedAccountID',11,'NUMBER','','','PE','TXT');   
insert into iv_mapfield(document_type, doc_level, source, target, length, data_type, table_reference, field_reference, country, source_type ) values ('07', 'CC', '12','/CreditNote/cac:AccountingSupplierParty/cbc:AdditionalAccountID',1,'NUMBER','','','PE','TXT');   
insert into iv_mapfield(document_type, doc_level, source, target, length, data_type, table_reference, field_reference, country, source_type ) values ('07', 'CC', '13','/CreditNote/cac:DiscrepancyResponse/cbc:ReferenceID',13,'STRING','','','PE','TXT');  
insert into iv_mapfield(document_type, doc_level, source, target, length, data_type, table_reference, field_reference, country, source_type ) values ('07', 'CC', '14','/CreditNote/cac:DiscrepancyResponse/cbc:ResponseCode',2,'STRING','','','PE','TXT');   
insert into iv_mapfield(document_type, doc_level, source, target, length, data_type, table_reference, field_reference, country, source_type ) values ('07', 'CC', '15','/CreditNote/cbc:ID',13,'STRING','','','PE','TXT');
insert into iv_mapfield(document_type, doc_level, source, target, length, data_type, table_reference, field_reference, country, source_type ) values ('07', 'CC', '16','/CreditNote/cac:AccountingCustomerParty/cbc:CustomerAssignedAccountID',15,'STRING','','','PE','TXT');   
insert into iv_mapfield(document_type, doc_level, source, target, length, data_type, table_reference, field_reference, country, source_type ) values ('07', 'CC', '17','/CreditNote/cac:AccountingCustomerParty/cbc:AdditionalAccountID',1,'NUMBER','','','PE','TXT');  
insert into iv_mapfield(document_type, doc_level, source, target, length, data_type, table_reference, field_reference, country, source_type ) values ('07', 'CC', '18','/CreditNote/cac:AccountingCustomerParty/cac:Party/cac:PartyLegalEntity/cbc:RegistrationName',100,'STRING','','','PE','TXT');   
insert into iv_mapfield(document_type, doc_level, source, target, length, data_type, table_reference, field_reference, country, source_type ) values ('07', 'CC', '19','/CreditNote/cac:DiscrepancyResponse/cbc:Description',250,'STRING','','','PE','TXT');   
insert into iv_mapfield(document_type, doc_level, source, target, length, data_type, table_reference, field_reference, country, source_type ) values ('07', 'CC', '20','/CreditNote/ext:UBLExtensions/ext:UBLExtension/ext:ExtensionContent/sac:AdditionalInformation/sac:AdditionalMonetaryTotal/cbc:ID',4,'STRING','','','PE','TXT');   
insert into iv_mapfield(document_type, doc_level, source, target, length, data_type, table_reference, field_reference, country, source_type ) values ('07', 'CC', '21','/CreditNote/ext:UBLExtensions/ext:UBLExtension/ext:ExtensionContent/sac:AdditionalInformation/sac:AdditionalMonetaryTotal/cbc:PayableAmount',15,'DOUBLE','','','PE','TXT');  
insert into iv_mapfield(document_type, doc_level, source, target, length, data_type, table_reference, field_reference, country, source_type ) values ('07', 'CC', '22','/CreditNote/ext:UBLExtensions/ext:UBLExtension/ext:ExtensionContent/sac:AdditionalInformation/sac:AdditionalMonetaryTotal/cbc:ID_1',4,'STRING','','','PE','TXT');   
insert into iv_mapfield(document_type, doc_level, source, target, length, data_type, table_reference, field_reference, country, source_type ) values ('07', 'CC', '23','/CreditNote/ext:UBLExtensions/ext:UBLExtension/ext:ExtensionContent/sac:AdditionalInformation/sac:AdditionalMonetaryTotal/cbc:PayableAmount_1',15,'DOUBLE','','','PE','TXT');   
insert into iv_mapfield(document_type, doc_level, source, target, length, data_type, table_reference, field_reference, country, source_type ) values ('07', 'CC', '24','/CreditNote/ext:UBLExtensions/ext:UBLExtension/ext:ExtensionContent/sac:AdditionalInformation/sac:AdditionalMonetaryTotal/cbc:ID_2',4,'STRING','','','PE','TXT');   
insert into iv_mapfield(document_type, doc_level, source, target, length, data_type, table_reference, field_reference, country, source_type ) values ('07', 'CC', '25','/CreditNote/ext:UBLExtensions/ext:UBLExtension/ext:ExtensionContent/sac:AdditionalInformation/sac:AdditionalMonetaryTotal/cbc:PayableAmount_2',15,'DOUBLE','','','PE','TXT');  
insert into iv_mapfield(document_type, doc_level, source, target, length, data_type, table_reference, field_reference, country, source_type ) values ('07', 'CC', '26','/CreditNote/cac:TaxTotal/cbc:TaxAmount',15,'DOUBLE','','','PE','TXT');   
insert into iv_mapfield(document_type, doc_level, source, target, length, data_type, table_reference, field_reference, country, source_type ) values ('07', 'CC', '27','/CreditNote/cac:TaxTotal/cac:TaxSubtotal/cbc:TaxAmount',15,'DOUBLE','','','PE','TXT');   
insert into iv_mapfield(document_type, doc_level, source, target, length, data_type, table_reference, field_reference, country, source_type ) values ('07', 'CC', '28','/CreditNote/cac:TaxTotal/cac:TaxSubtotal/cac:TaxCategory/cac:TaxScheme/cbc:ID',4,'STRING','','','PE','TXT');   
insert into iv_mapfield(document_type, doc_level, source, target, length, data_type, table_reference, field_reference, country, source_type ) values ('07', 'CC', '29','/CreditNote/cac:TaxTotal/cac:TaxSubtotal/cac:TaxCategory/cac:TaxScheme/cbc:Name',6,'STRING','','','PE','TXT');  
insert into iv_mapfield(document_type, doc_level, source, target, length, data_type, table_reference, field_reference, country, source_type ) values ('07', 'CC', '30','/CreditNote/cac:TaxTotal/cac:TaxSubtotal/cac:TaxCategory/cac:TaxScheme/cbc:TaxTypeCode',3,'STRING','','','PE','TXT');   
insert into iv_mapfield(document_type, doc_level, source, target, length, data_type, table_reference, field_reference, country, source_type ) values ('07', 'CC', '31','/CreditNote/cac:TaxTotal/cbc:TaxAmount_1',15,'DOUBLE','','','PE','TXT');   
insert into iv_mapfield(document_type, doc_level, source, target, length, data_type, table_reference, field_reference, country, source_type ) values ('07', 'CC', '32','/CreditNote/cac:TaxTotal/cac:TaxSubtotal/cbc:TaxAmount_1',15,'DOUBLE','','','PE','TXT');   
insert into iv_mapfield(document_type, doc_level, source, target, length, data_type, table_reference, field_reference, country, source_type ) values ('07', 'CC', '33','/CreditNote/cac:TaxTotal/cac:TaxSubtotal/cac:TaxCategory/cac:TaxScheme/cbc:ID_1',4,'STRING','','','PE','TXT');  
insert into iv_mapfield(document_type, doc_level, source, target, length, data_type, table_reference, field_reference, country, source_type ) values ('07', 'CC', '34','/CreditNote/cac:TaxTotal/cac:TaxSubtotal/cac:TaxCategory/cac:TaxScheme/cbc:Name_1',6,'STRING','','','PE','TXT');   
insert into iv_mapfield(document_type, doc_level, source, target, length, data_type, table_reference, field_reference, country, source_type ) values ('07', 'CC', '35','/CreditNote/cac:TaxTotal/cac:TaxSubtotal/cac:TaxCategory/cac:TaxScheme/cbc:TaxTypeCode_1',3,'STRING','','','PE','TXT');   
insert into iv_mapfield(document_type, doc_level, source, target, length, data_type, table_reference, field_reference, country, source_type ) values ('07', 'CC', '36','/CreditNote/cac:TaxTotal/cbc:TaxAmount_2',15,'DOUBLE','','','PE','TXT');   
insert into iv_mapfield(document_type, doc_level, source, target, length, data_type, table_reference, field_reference, country, source_type ) values ('07', 'CC', '37','/CreditNote/cac:TaxTotal/cac:TaxSubtotal/cbc:TaxAmount_2',15,'DOUBLE','','','PE','TXT');  
insert into iv_mapfield(document_type, doc_level, source, target, length, data_type, table_reference, field_reference, country, source_type ) values ('07', 'CC', '38','/CreditNote/cac:TaxTotal/cac:TaxSubtotal/cac:TaxCategory/cac:TaxScheme/cbc:ID_2',4,'STRING','','','PE','TXT');   
insert into iv_mapfield(document_type, doc_level, source, target, length, data_type, table_reference, field_reference, country, source_type ) values ('07', 'CC', '39','/CreditNote/cac:TaxTotal/cac:TaxSubtotal/cac:TaxCategory/cac:TaxScheme/cbc:Name_2',6,'STRING','','','PE','TXT');   
insert into iv_mapfield(document_type, doc_level, source, target, length, data_type, table_reference, field_reference, country, source_type ) values ('07', 'CC', '40','/CreditNote/cac:TaxTotal/cac:TaxSubtotal/cac:TaxCategory/cac:TaxScheme/cbc:TaxTypeCode_2',3,'STRING','','','PE','TXT');   
insert into iv_mapfield(document_type, doc_level, source, target, length, data_type, table_reference, field_reference, country, source_type ) values ('07', 'CC', '41','/CreditNote/cac:LegalMonetaryTotal/cbc:ChargeTotalAmount',15,'DOUBLE','','','PE','TXT');  
insert into iv_mapfield(document_type, doc_level, source, target, length, data_type, table_reference, field_reference, country, source_type ) values ('07', 'CC', '42','/CreditNote/ext:UBLExtensions/ext:UBLExtension/ext:ExtensionContent/sac:AdditionalInformation/sac:AdditionalMonetaryTotal/cbc:ID_3',4,'STRING','','','PE','TXT');   
insert into iv_mapfield(document_type, doc_level, source, target, length, data_type, table_reference, field_reference, country, source_type ) values ('07', 'CC', '43','/CreditNote/ext:UBLExtensions/ext:UBLExtension/ext:ExtensionContent/sac:AdditionalInformation/sac:AdditionalMonetaryTotal/cbc:PayableAmount_3',15,'DOUBLE','','','PE','TXT');   
insert into iv_mapfield(document_type, doc_level, source, target, length, data_type, table_reference, field_reference, country, source_type ) values ('07', 'CC', '44','/CreditNote/cac:LegalMonetaryTotal/cbc:PayableAmount',15,'DOUBLE','','','PE','TXT');   
insert into iv_mapfield(document_type, doc_level, source, target, length, data_type, table_reference, field_reference, country, source_type ) values ('07', 'CC', '45','/CreditNote/cbc:DocumentCurrencyCode',3,'STRING','','','PE','TXT');  
insert into iv_mapfield(document_type, doc_level, source, target, length, data_type, table_reference, field_reference, country, source_type ) values ('07', 'CC', '46','/CreditNote/cac:BillingReference/cac:InvoiceDocumentReference/cbc:ID',13,'STRING','','','PE','TXT');   
insert into iv_mapfield(document_type, doc_level, source, target, length, data_type, table_reference, field_reference, country, source_type ) values ('07', 'CC', '47','/CreditNote/cac:BillingReference/cac:InvoiceDocumentReference/cbc:DocumentTypeCode',2,'STRING','','','PE','TXT');   
insert into iv_mapfield(document_type, doc_level, source, target, length, data_type, table_reference, field_reference, country, source_type ) values ('07', 'CC', '48','/CreditNote/cac:DespatchDocumentReference/cbc:ID',30,'STRING','','','PE','TXT');   
insert into iv_mapfield(document_type, doc_level, source, target, length, data_type, table_reference, field_reference, country, source_type ) values ('07', 'CC', '49','/CreditNote/cac:DespatchDocumentReference/cbc:DocumentTypeCode',2,'STRING','','','PE','TXT');  
insert into iv_mapfield(document_type, doc_level, source, target, length, data_type, table_reference, field_reference, country, source_type ) values ('07', 'CC', '50','/CreditNote/cac:AdditionalDocumentReference/cbc:ID',30,'STRING','','','PE','TXT');   
insert into iv_mapfield(document_type, doc_level, source, target, length, data_type, table_reference, field_reference, country, source_type ) values ('07', 'CC', '51','/CreditNote/cac:AdditionalDocumentReference/cbc:DocumentTypeCode',2,'STRING','','','PE','TXT');   
insert into iv_mapfield(document_type, doc_level, source, target, length, data_type, table_reference, field_reference, country, source_type ) values ('07', 'CC', '52','/CreditNote/cbc:UBLVersionID',10,'STRING','','','PE','TXT');   
insert into iv_mapfield(document_type, doc_level, source, target, length, data_type, table_reference, field_reference, country, source_type ) values ('07', 'CC', '53','/CreditNote/cbc:CustomizationID',10,'STRING','','','PE','TXT');  
insert into iv_mapfield(document_type, doc_level, source, target, length, data_type, table_reference, field_reference, country, source_type ) values ('07', 'CC', '54','QADClienteCod',100,'STRING','','','PE','TXT');   
insert into iv_mapfield(document_type, doc_level, source, target, length, data_type, table_reference, field_reference, country, source_type ) values ('07', 'CC', '55','QADClienteDir',100,'STRING','','','PE','TXT');   
insert into iv_mapfield(document_type, doc_level, source, target, length, data_type, table_reference, field_reference, country, source_type ) values ('07', 'CC', '56','QADClienteTel',100,'STRING','','','PE','TXT');   
insert into iv_mapfield(document_type, doc_level, source, target, length, data_type, table_reference, field_reference, country, source_type ) values ('07', 'CC', '57','QADClienteEmail',100,'STRING','','','PE','TXT');  
insert into iv_mapfield(document_type, doc_level, source, target, length, data_type, table_reference, field_reference, country, source_type ) values ('07', 'CC', '58','QADNroFactura',100,'STRING','','','PE','TXT');   
insert into iv_mapfield(document_type, doc_level, source, target, length, data_type, table_reference, field_reference, country, source_type ) values ('07', 'CC', '59','QADFechaEmisionRel',100,'STRING','','','PE','TXT');   
insert into iv_mapfield(document_type, doc_level, source, target, length, data_type, table_reference, field_reference, country, source_type ) values ('07', 'CC', '60','QADLeyenda',100,'STRING','','','PE','TXT');   
insert into iv_mapfield(document_type, doc_level, source, target, length, data_type, table_reference, field_reference, country, source_type ) values ('07', 'CC', '61','QADEmailCreador',100,'STRING','','','PE','TXT');  
insert into iv_mapfield(document_type, doc_level, source, target, length, data_type, table_reference, field_reference, country, source_type ) values ('07', 'CC', '/CreditNote/cbc:DocumentCurrencyCode','/CreditNote/cac:TaxTotal/cac:TaxSubtotal/cbc:TaxAmount/@currencyID_2',3,'STRING','','','PE','EXT');
insert into iv_mapfield(document_type, doc_level, source, target, length, data_type, table_reference, field_reference, country, source_type ) values ('07', 'CC', '/CreditNote/cbc:DocumentCurrencyCode','/CreditNote/cac:TaxTotal/cac:TaxSubtotal/cbc:TaxAmount/@currencyID_1',3,'STRING','','','PE','EXT');
insert into iv_mapfield(document_type, doc_level, source, target, length, data_type, table_reference, field_reference, country, source_type ) values ('07', 'CC', '/CreditNote/cbc:DocumentCurrencyCode','/CreditNote/cac:TaxTotal/cbc:TaxAmount/@currencyID',3,'STRING','','','PE','EXT');
insert into iv_mapfield(document_type, doc_level, source, target, length, data_type, table_reference, field_reference, country, source_type ) values ('07', 'CC', '/CreditNote/cbc:DocumentCurrencyCode','/CreditNote/cac:TaxTotal/cac:TaxSubtotal/cbc:TaxAmount/@currencyID',3,'STRING','','','PE','EXT');
insert into iv_mapfield(document_type, doc_level, source, target, length, data_type, table_reference, field_reference, country, source_type ) values ('07', 'CC', '/CreditNote/cbc:DocumentCurrencyCode','/CreditNote/cac:LegalMonetaryTotal/cbc:ChargeTotalAmount/@currencyID',3,'STRING','','','PE','EXT');
insert into iv_mapfield(document_type, doc_level, source, target, length, data_type, table_reference, field_reference, country, source_type ) values ('07', 'CC', '/CreditNote/cbc:DocumentCurrencyCode','/CreditNote/cac:LegalMonetaryTotal/cbc:PayableAmount/@currencyID',3,'STRING','','','PE','EXT');
insert into iv_mapfield(document_type, doc_level, source, target, length, data_type, table_reference, field_reference, country, source_type ) values ('07', 'CC', '/CreditNote/cbc:DocumentCurrencyCode','/CreditNote/cac:TaxTotal/cbc:TaxAmount/@currencyID_1',3,'STRING','','','PE','EXT');
insert into iv_mapfield(document_type, doc_level, source, target, length, data_type, table_reference, field_reference, country, source_type ) values ('07', 'CC', '/CreditNote/cbc:DocumentCurrencyCode','/CreditNote/cac:TaxTotal/cbc:TaxAmount/@currencyID_2',3,'STRING','','','PE','EXT');


insert into iv_mapfield(document_type, doc_level, source, target, length, data_type, table_reference, field_reference, country, source_type ) values ('07', 'DC', '01','/CreditNote/cac:CreditNoteLine/cbc:ID',3,'NUMBER','','','PE','TXT');  
insert into iv_mapfield(document_type, doc_level, source, target, length, data_type, table_reference, field_reference, country, source_type ) values ('07', 'DC', '02','/CreditNote/cac:CreditNoteLine/cac:Item/cac:SellersItemIdentification/cbc:ID',30,'STRING','','','PE','TXT');  
insert into iv_mapfield(document_type, doc_level, source, target, length, data_type, table_reference, field_reference, country, source_type ) values ('07', 'DC', '03','/CreditNote/cac:CreditNoteLine/cbc:CreditedQuantity/@unitCode',3,'NUMBER','','','PE','TXT');  
insert into iv_mapfield(document_type, doc_level, source, target, length, data_type, table_reference, field_reference, country, source_type ) values ('07', 'DC', '04','/CreditNote/cac:CreditNoteLine/cbc:CreditedQuantity',23,'DOUBLE','','','PE','TXT');  
insert into iv_mapfield(document_type, doc_level, source, target, length, data_type, table_reference, field_reference, country, source_type ) values ('07', 'DC', '05','/CreditNote/cac:CreditNoteLine/cac:Item/cbc:Description',250,'STRING','','','PE','TXT');  
insert into iv_mapfield(document_type, doc_level, source, target, length, data_type, table_reference, field_reference, country, source_type ) values ('07', 'DC', '06','/CreditNote/cac:CreditNoteLine/cac:Price/cbc:PriceAmount',15,'DOUBLE','','','PE','TXT'); 
insert into iv_mapfield(document_type, doc_level, source, target, length, data_type, table_reference, field_reference, country, source_type ) values ('07', 'DC', '07','/CreditNote/cac:CreditNoteLine/cac:PricingReference/cac:AlternativeConditionPrice/cbc:PriceAmount',23,'DOUBLE','','','PE','TXT');  
insert into iv_mapfield(document_type, doc_level, source, target, length, data_type, table_reference, field_reference, country, source_type ) values ('07', 'DC', '08','/CreditNote/cac:CreditNoteLine/cac:PricingReference/cac:AlternativeConditionPrice/cbc:PriceTypeCode',2,'STRING','','','PE','TXT');  
insert into iv_mapfield(document_type, doc_level, source, target, length, data_type, table_reference, field_reference, country, source_type ) values ('07', 'DC', '09','/CreditNote/cac:CreditNoteLine/cac:TaxTotal/cbc:TaxAmount',15,'DOUBLE','','','PE','TXT');  
insert into iv_mapfield(document_type, doc_level, source, target, length, data_type, table_reference, field_reference, country, source_type ) values ('07', 'DC', '10','/CreditNote/cac:CreditNoteLine/cac:TaxTotal/cac:TaxSubtotal/cbc:TaxAmount',15,'DOUBLE','','','PE','TXT');  
insert into iv_mapfield(document_type, doc_level, source, target, length, data_type, table_reference, field_reference, country, source_type ) values ('07', 'DC', '11','/CreditNote/cac:CreditNoteLine/cac:TaxTotal/cac:TaxSubtotal/cac:TaxCategory/cbc:TaxExemptionReasonCode',2,'STRING','','','PE','TXT');  
insert into iv_mapfield(document_type, doc_level, source, target, length, data_type, table_reference, field_reference, country, source_type ) values ('07', 'DC', '12','/CreditNote/cac:CreditNoteLine/cac:TaxTotal/cac:TaxSubtotal/cac:TaxCategory/cac:TaxScheme/cbc:ID',4,'STRING','','','PE','TXT');  
insert into iv_mapfield(document_type, doc_level, source, target, length, data_type, table_reference, field_reference, country, source_type ) values ('07', 'DC', '13','/CreditNote/cac:CreditNoteLine/cac:TaxTotal/cac:TaxSubtotal/cac:TaxCategory/cac:TaxScheme/cbc:Name',6,'STRING','','','PE','TXT');  
insert into iv_mapfield(document_type, doc_level, source, target, length, data_type, table_reference, field_reference, country, source_type ) values ('07', 'DC', '14','/CreditNote/cac:CreditNoteLine/cac:TaxTotal/cac:TaxSubtotal/cac:TaxCategory/cac:TaxScheme/cbc:TaxTypeCode',3,'STRING','','','PE','TXT');  
insert into iv_mapfield(document_type, doc_level, source, target, length, data_type, table_reference, field_reference, country, source_type ) values ('07', 'DC', '15','/CreditNote/cac:CreditNoteLine/cac:TaxTotal/cbc:TaxAmount_1',15,'DOUBLE','','','PE','TXT');  
insert into iv_mapfield(document_type, doc_level, source, target, length, data_type, table_reference, field_reference, country, source_type ) values ('07', 'DC', '16','/CreditNote/cac:CreditNoteLine/cac:TaxTotal/cac:TaxSubtotal/cbc:TaxAmount_1',15,'DOUBLE','','','PE','TXT');  
insert into iv_mapfield(document_type, doc_level, source, target, length, data_type, table_reference, field_reference, country, source_type ) values ('07', 'DC', '17','/CreditNote/cac:CreditNoteLine/cac:TaxTotal/cac:TaxSubtotal/cac:TaxCategory/cbc:TierRange',2,'STRING','','','PE','TXT');  
insert into iv_mapfield(document_type, doc_level, source, target, length, data_type, table_reference, field_reference, country, source_type ) values ('07', 'DC', '18','/CreditNote/cac:CreditNoteLine/cac:TaxTotal/cac:TaxSubtotal/cac:TaxCategory/cac:TaxScheme/cbc:ID_1',4,'STRING','','','PE','TXT');  
insert into iv_mapfield(document_type, doc_level, source, target, length, data_type, table_reference, field_reference, country, source_type ) values ('07', 'DC', '19','/CreditNote/cac:CreditNoteLine/cac:TaxTotal/cac:TaxSubtotal/cac:TaxCategory/cac:TaxScheme/cbc:Name_1',6,'STRING','','','PE','TXT');  
insert into iv_mapfield(document_type, doc_level, source, target, length, data_type, table_reference, field_reference, country, source_type ) values ('07', 'DC', '20','/CreditNote/cac:CreditNoteLine/cac:TaxTotal/cac:TaxSubtotal/cac:TaxCategory/cac:TaxScheme/cbc:TaxTypeCode_1',3,'STRING','','','PE','TXT');  
insert into iv_mapfield(document_type, doc_level, source, target, length, data_type, table_reference, field_reference, country, source_type ) values ('07', 'DC', '21','/CreditNote/cac:CreditNoteLine/cbc:LineExtensionAmount',15,'DOUBLE','','','PE','TXT');  
insert into iv_mapfield(document_type, doc_level, source, target, length, data_type, table_reference, field_reference, country, source_type ) values ('07', 'DC', '22','itemReferenciasValor',15,'DOUBLE','','','PE','TXT');
insert into iv_mapfield(document_type, doc_level, source, target, length, data_type, table_reference, field_reference, country, source_type ) values ('07', 'DC', '23','itemReferencialCode',2,'STRING','','','PE','TXT');
insert into iv_mapfield(document_type, doc_level, source, target, length, data_type, table_reference, field_reference, country, source_type ) values ('07', 'DC', '24','QADUnidadMedida',100,'STRING','','','PE','TXT');
insert into iv_mapfield(document_type, doc_level, source, target, length, data_type, table_reference, field_reference, country, source_type ) values ('07', 'DC', '25','QADObs',100,'STRING','','','PE','TXT');
insert into iv_mapfield(document_type, doc_level, source, target, length, data_type, table_reference, field_reference, country, source_type ) values ('07', 'DC', '/CreditNote/cbc:DocumentCurrencyCode','/CreditNote/cac:CreditNoteLine/cac:TaxTotal/cac:TaxSubtotal/cbc:TaxAmount/@currencyID_1',3,'STRING','','','PE','EXT');  
insert into iv_mapfield(document_type, doc_level, source, target, length, data_type, table_reference, field_reference, country, source_type ) values ('07', 'DC', '/CreditNote/cbc:DocumentCurrencyCode','/CreditNote/cac:CreditNoteLine/cac:TaxTotal/cbc:TaxAmount/@currencyID',3,'STRING','','','PE','EXT');  
insert into iv_mapfield(document_type, doc_level, source, target, length, data_type, table_reference, field_reference, country, source_type ) values ('07', 'DC', '/CreditNote/cbc:DocumentCurrencyCode','/CreditNote/cac:CreditNoteLine/cac:TaxTotal/cac:TaxSubtotal/cbc:TaxAmount/@currencyID',3,'STRING','','','PE','EXT');  
insert into iv_mapfield(document_type, doc_level, source, target, length, data_type, table_reference, field_reference, country, source_type ) values ('07', 'DC', '/CreditNote/cbc:DocumentCurrencyCode','/CreditNote/cac:CreditNoteLine/cac:Price/cbc:PriceAmount/@currencyID',3,'STRING','','','PE','EXT');  
insert into iv_mapfield(document_type, doc_level, source, target, length, data_type, table_reference, field_reference, country, source_type ) values ('07', 'DC', '/CreditNote/cbc:DocumentCurrencyCode','/CreditNote/cac:CreditNoteLine/cac:TaxTotal/cbc:TaxAmount/@currencyID_1',3,'STRING','','','PE','EXT');  
insert into iv_mapfield(document_type, doc_level, source, target, length, data_type, table_reference, field_reference, country, source_type ) values ('07', 'DC', '/CreditNote/cbc:DocumentCurrencyCode','/CreditNote/cac:CreditNoteLine/cbc:LineExtensionAmount/@currencyID',3,'STRING','','','PE','EXT');  
insert into iv_mapfield(document_type, doc_level, source, target, length, data_type, table_reference, field_reference, country, source_type ) values ('07', 'DC', '/CreditNote/cbc:DocumentCurrencyCode','/CreditNote/cac:CreditNoteLine/cac:PricingReference/cac:AlternativeConditionPrice/cbc:PriceAmount/@currencyID',3,'STRING','','','PE','EXT');  


/******************************************************************************************************* Mapeo de Campos de Debito *********************************************************************************************************/
/*********************************************************************************************************************************************************************************************************************************************/
insert into iv_mapfield(document_type, doc_level, source, target, length, data_type, table_reference, field_reference, country, source_type ) values ('08', 'CD', '01','/DebitNote/cbc:IssueDate',10,'STRING','','','PE','TXT');   
insert into iv_mapfield(document_type, doc_level, source, target, length, data_type, table_reference, field_reference, country, source_type ) values ('08', 'CD', '02','/DebitNote/cac:AccountingSupplierParty/cac:Party/cac:PartyLegalEntity/cbc:RegistrationName',100,'STRING','','','PE','TXT');   
insert into iv_mapfield(document_type, doc_level, source, target, length, data_type, table_reference, field_reference, country, source_type ) values ('08', 'CD', '03','/DebitNote/cac:AccountingSupplierParty/cac:Party/cac:PartyName/cbc:Name',100,'STRING','','','PE','TXT');   
insert into iv_mapfield(document_type, doc_level, source, target, length, data_type, table_reference, field_reference, country, source_type ) values ('08', 'CD', '04','/DebitNote/cac:AccountingSupplierParty/cac:Party/cac:PostalAddress/cbc:ID',6,'STRING','','','PE','TXT');   
insert into iv_mapfield(document_type, doc_level, source, target, length, data_type, table_reference, field_reference, country, source_type ) values ('08', 'CD', '05','/DebitNote/cac:AccountingSupplierParty/cac:Party/cac:PostalAddress/cbc:StreetName',100,'STRING','','','PE','TXT');   
insert into iv_mapfield(document_type, doc_level, source, target, length, data_type, table_reference, field_reference, country, source_type ) values ('08', 'CD', '06','/DebitNote/cac:AccountingSupplierParty/cac:Party/cac:PostalAddress/cbc:CitySubdivisionName',25,'STRING','','','PE','TXT');   
insert into iv_mapfield(document_type, doc_level, source, target, length, data_type, table_reference, field_reference, country, source_type ) values ('08', 'CD', '07','/DebitNote/cac:AccountingSupplierParty/cac:Party/cac:PostalAddress/cbc:CityName',30,'STRING','','','PE','TXT');   
insert into iv_mapfield(document_type, doc_level, source, target, length, data_type, table_reference, field_reference, country, source_type ) values ('08', 'CD', '08','/DebitNote/cac:AccountingSupplierParty/cac:Party/cac:PostalAddress/cbc:CountrySubentity',30,'STRING','','','PE','TXT');   
insert into iv_mapfield(document_type, doc_level, source, target, length, data_type, table_reference, field_reference, country, source_type ) values ('08', 'CD', '09','/DebitNote/cac:AccountingSupplierParty/cac:Party/cac:PostalAddress/cbc:District',30,'STRING','','','PE','TXT');   
insert into iv_mapfield(document_type, doc_level, source, target, length, data_type, table_reference, field_reference, country, source_type ) values ('08', 'CD', '10','/DebitNote/cac:AccountingSupplierParty/cac:Party/cac:PostalAddress/cac:Country/cbc:IdentificationCode',2,'STRING','','','PE','TXT');   
insert into iv_mapfield(document_type, doc_level, source, target, length, data_type, table_reference, field_reference, country, source_type ) values ('08', 'CD', '11','/DebitNote/cac:AccountingSupplierParty/cbc:CustomerAssignedAccountID',11,'NUMBER','','','PE','TXT');   
insert into iv_mapfield(document_type, doc_level, source, target, length, data_type, table_reference, field_reference, country, source_type ) values ('08', 'CD', '12','/DebitNote/cac:AccountingSupplierParty/cbc:AdditionalAccountID',1,'NUMBER','','','PE','TXT');   
insert into iv_mapfield(document_type, doc_level, source, target, length, data_type, table_reference, field_reference, country, source_type ) values ('08', 'CD', '13','/DebitNote/cac:DiscrepancyResponse/cbc:ReferenceID',13,'STRING','','','PE','TXT');   
insert into iv_mapfield(document_type, doc_level, source, target, length, data_type, table_reference, field_reference, country, source_type ) values ('08', 'CD', '14','/DebitNote/cac:DiscrepancyResponse/cbc:ResponseCode',2,'STRING','','','PE','TXT');   
insert into iv_mapfield(document_type, doc_level, source, target, length, data_type, table_reference, field_reference, country, source_type ) values ('08', 'CD', '15','/DebitNote/cbc:ID',13,'STRING','','','PE','TXT');   
insert into iv_mapfield(document_type, doc_level, source, target, length, data_type, table_reference, field_reference, country, source_type ) values ('08', 'CD', '16','/DebitNote/cac:AccountingCustomerParty/cbc:CustomerAssignedAccountID',15,'STRING','','','PE','TXT');   
insert into iv_mapfield(document_type, doc_level, source, target, length, data_type, table_reference, field_reference, country, source_type ) values ('08', 'CD', '17','/DebitNote/cac:AccountingCustomerParty/cbc:AdditionalAccountID',1,'STRING','','','PE','TXT');   
insert into iv_mapfield(document_type, doc_level, source, target, length, data_type, table_reference, field_reference, country, source_type ) values ('08', 'CD', '18','/DebitNote/cac:AccountingCustomerParty/cac:Party/cac:PartyLegalEntity/cbc:RegistrationName',100,'STRING','','','PE','TXT');   
insert into iv_mapfield(document_type, doc_level, source, target, length, data_type, table_reference, field_reference, country, source_type ) values ('08', 'CD', '19','/DebitNote/cac:DiscrepancyResponse/cbc:Description',250,'STRING','','','PE','TXT');   
insert into iv_mapfield(document_type, doc_level, source, target, length, data_type, table_reference, field_reference, country, source_type ) values ('08', 'CD', '20','/DebitNote/ext:UBLExtensions/ext:UBLExtension/ext:ExtensionContent/sac:AdditionalInformation/sac:AdditionalMonetaryTotal/cbc:ID',4,'STRING','','','PE','TXT');   
insert into iv_mapfield(document_type, doc_level, source, target, length, data_type, table_reference, field_reference, country, source_type ) values ('08', 'CD', '21','/DebitNote/ext:UBLExtensions/ext:UBLExtension/ext:ExtensionContent/sac:AdditionalInformation/sac:AdditionalMonetaryTotal/cbc:PayableAmount',15,'DOUBLE','','','PE','TXT');   
insert into iv_mapfield(document_type, doc_level, source, target, length, data_type, table_reference, field_reference, country, source_type ) values ('08', 'CD', '22','/DebitNote/ext:UBLExtensions/ext:UBLExtension/ext:ExtensionContent/sac:AdditionalInformation/sac:AdditionalMonetaryTotal/cbc:ID_1',4,'STRING','','','PE','TXT');   
insert into iv_mapfield(document_type, doc_level, source, target, length, data_type, table_reference, field_reference, country, source_type ) values ('08', 'CD', '23','/DebitNote/ext:UBLExtensions/ext:UBLExtension/ext:ExtensionContent/sac:AdditionalInformation/sac:AdditionalMonetaryTotal/cbc:PayableAmount_1',15,'DOUBLE','','','PE','TXT');   
insert into iv_mapfield(document_type, doc_level, source, target, length, data_type, table_reference, field_reference, country, source_type ) values ('08', 'CD', '24','/DebitNote/ext:UBLExtensions/ext:UBLExtension/ext:ExtensionContent/sac:AdditionalInformation/sac:AdditionalMonetaryTotal/cbc:ID_2',4,'STRING','','','PE','TXT');   
insert into iv_mapfield(document_type, doc_level, source, target, length, data_type, table_reference, field_reference, country, source_type ) values ('08', 'CD', '25','/DebitNote/ext:UBLExtensions/ext:UBLExtension/ext:ExtensionContent/sac:AdditionalInformation/sac:AdditionalMonetaryTotal/cbc:PayableAmount_2',15,'DOUBLE','','','PE','TXT');   
insert into iv_mapfield(document_type, doc_level, source, target, length, data_type, table_reference, field_reference, country, source_type ) values ('08', 'CD', '26','/DebitNote/cac:TaxTotal/cbc:TaxAmount',15,'DOUBLE','','','PE','TXT');   
insert into iv_mapfield(document_type, doc_level, source, target, length, data_type, table_reference, field_reference, country, source_type ) values ('08', 'CD', '27','/DebitNote/cac:TaxTotal/cac:TaxSubtotal/cbc:TaxAmount',15,'DOUBLE','','','PE','TXT');   
insert into iv_mapfield(document_type, doc_level, source, target, length, data_type, table_reference, field_reference, country, source_type ) values ('08', 'CD', '28','/DebitNote/cac:TaxTotal/cac:TaxSubtotal/cac:TaxCategory/cac:TaxScheme/cbc:ID',4,'STRING','','','PE','TXT');   
insert into iv_mapfield(document_type, doc_level, source, target, length, data_type, table_reference, field_reference, country, source_type ) values ('08', 'CD', '29','/DebitNote/cac:TaxTotal/cac:TaxSubtotal/cac:TaxCategory/cac:TaxScheme/cbc:Name',6,'STRING','','','PE','TXT');   
insert into iv_mapfield(document_type, doc_level, source, target, length, data_type, table_reference, field_reference, country, source_type ) values ('08', 'CD', '30','/DebitNote/cac:TaxTotal/cac:TaxSubtotal/cac:TaxCategory/cac:TaxScheme/cbc:TaxTypeCode',3,'STRING','','','PE','TXT');   
insert into iv_mapfield(document_type, doc_level, source, target, length, data_type, table_reference, field_reference, country, source_type ) values ('08', 'CD', '31','/DebitNote/cac:TaxTotal/cbc:TaxAmount_1',15,'DOUBLE','','','PE','TXT');   
insert into iv_mapfield(document_type, doc_level, source, target, length, data_type, table_reference, field_reference, country, source_type ) values ('08', 'CD', '32','/DebitNote/cac:TaxTotal/cac:TaxSubtotal/cbc:TaxAmount_1',15,'DOUBLE','','','PE','TXT');   
insert into iv_mapfield(document_type, doc_level, source, target, length, data_type, table_reference, field_reference, country, source_type ) values ('08', 'CD', '33','/DebitNote/cac:TaxTotal/cac:TaxSubtotal/cac:TaxCategory/cac:TaxScheme/cbc:ID_1',4,'STRING','','','PE','TXT');   
insert into iv_mapfield(document_type, doc_level, source, target, length, data_type, table_reference, field_reference, country, source_type ) values ('08', 'CD', '34','/DebitNote/cac:TaxTotal/cac:TaxSubtotal/cac:TaxCategory/cac:TaxScheme/cbc:Name_1',6,'STRING','','','PE','TXT');   
insert into iv_mapfield(document_type, doc_level, source, target, length, data_type, table_reference, field_reference, country, source_type ) values ('08', 'CD', '35','/DebitNote/cac:TaxTotal/cac:TaxSubtotal/cac:TaxCategory/cac:TaxScheme/cbc:TaxTypeCode_1',3,'STRING','','','PE','TXT');   
insert into iv_mapfield(document_type, doc_level, source, target, length, data_type, table_reference, field_reference, country, source_type ) values ('08', 'CD', '36','/DebitNote/cac:TaxTotal/cbc:TaxAmount_2',15,'DOUBLE','','','PE','TXT');   
insert into iv_mapfield(document_type, doc_level, source, target, length, data_type, table_reference, field_reference, country, source_type ) values ('08', 'CD', '37','/DebitNote/cac:TaxTotal/cac:TaxSubtotal/cbc:TaxAmount_2',15,'DOUBLE','','','PE','TXT');   
insert into iv_mapfield(document_type, doc_level, source, target, length, data_type, table_reference, field_reference, country, source_type ) values ('08', 'CD', '38','/DebitNote/cac:TaxTotal/cac:TaxSubtotal/cac:TaxCategory/cac:TaxScheme/cbc:ID_2',4,'STRING','','','PE','TXT');   
insert into iv_mapfield(document_type, doc_level, source, target, length, data_type, table_reference, field_reference, country, source_type ) values ('08', 'CD', '39','/DebitNote/cac:TaxTotal/cac:TaxSubtotal/cac:TaxCategory/cac:TaxScheme/cbc:Name_2',6,'STRING','','','PE','TXT');   
insert into iv_mapfield(document_type, doc_level, source, target, length, data_type, table_reference, field_reference, country, source_type ) values ('08', 'CD', '40','/DebitNote/cac:TaxTotal/cac:TaxSubtotal/cac:TaxCategory/cac:TaxScheme/cbc:TaxTypeCode_2',3,'STRING','','','PE','TXT');   
insert into iv_mapfield(document_type, doc_level, source, target, length, data_type, table_reference, field_reference, country, source_type ) values ('08', 'CD', '41','/DebitNote/cac:RequestedMonetaryTotal/cbc:ChargeTotalAmount',15,'DOUBLE','','','PE','TXT');   
insert into iv_mapfield(document_type, doc_level, source, target, length, data_type, table_reference, field_reference, country, source_type ) values ('08', 'CD', '42','/DebitNote/ext:UBLExtensions/ext:UBLExtension/ext:ExtensionContent/sac:AdditionalInformation/sac:AdditionalMonetaryTotal/cbc:ID_3',4,'STRING','','','PE','TXT');   
insert into iv_mapfield(document_type, doc_level, source, target, length, data_type, table_reference, field_reference, country, source_type ) values ('08', 'CD', '43','/DebitNote/ext:UBLExtensions/ext:UBLExtension/ext:ExtensionContent/sac:AdditionalInformation/sac:AdditionalMonetaryTotal/cbc:PayableAmount_3',15,'DOUBLE','','','PE','TXT');   
insert into iv_mapfield(document_type, doc_level, source, target, length, data_type, table_reference, field_reference, country, source_type ) values ('08', 'CD', '44','/DebitNote/cac:RequestedMonetaryTotal/cbc:PayableAmount',15,'DOUBLE','','','PE','TXT');   
insert into iv_mapfield(document_type, doc_level, source, target, length, data_type, table_reference, field_reference, country, source_type ) values ('08', 'CD', '45','/DebitNote/cbc:DocumentCurrencyCode',3,'STRING','','','PE','TXT');   
insert into iv_mapfield(document_type, doc_level, source, target, length, data_type, table_reference, field_reference, country, source_type ) values ('08', 'CD', '46','/DebitNote/cac:BillingReference/cac:InvoiceDocumentReference/cbc:ID',13,'STRING','','','PE','TXT');   
insert into iv_mapfield(document_type, doc_level, source, target, length, data_type, table_reference, field_reference, country, source_type ) values ('08', 'CD', '47','/DebitNote/cac:BillingReference/cac:InvoiceDocumentReference/cbc:DocumentTypeCode',2,'STRING','','','PE','TXT');   
insert into iv_mapfield(document_type, doc_level, source, target, length, data_type, table_reference, field_reference, country, source_type ) values ('08', 'CD', '48','/DebitNote/cac:DespatchDocumentReference/cbc:ID',30,'STRING','','','PE','TXT');   
insert into iv_mapfield(document_type, doc_level, source, target, length, data_type, table_reference, field_reference, country, source_type ) values ('08', 'CD', '49','/DebitNote/cac:DespatchDocumentReference/cbc:DocumentTypeCode',2,'STRING','','','PE','TXT');   
insert into iv_mapfield(document_type, doc_level, source, target, length, data_type, table_reference, field_reference, country, source_type ) values ('08', 'CD', '50','/DebitNote/cac:AdditionalDocumentReference/cbc:ID',30,'STRING','','','PE','TXT');   
insert into iv_mapfield(document_type, doc_level, source, target, length, data_type, table_reference, field_reference, country, source_type ) values ('08', 'CD', '51','/DebitNote/cac:AdditionalDocumentReference/cbc:DocumentTypeCode',2,'STRING','','','PE','TXT');   
insert into iv_mapfield(document_type, doc_level, source, target, length, data_type, table_reference, field_reference, country, source_type ) values ('08', 'CD', '52','/DebitNote/cbc:UBLVersionID',10,'STRING','','','PE','TXT');   
insert into iv_mapfield(document_type, doc_level, source, target, length, data_type, table_reference, field_reference, country, source_type ) values ('08', 'CD', '53','/DebitNote/cbc:CustomizationID',10,'STRING','','','PE','TXT');   
insert into iv_mapfield(document_type, doc_level, source, target, length, data_type, table_reference, field_reference, country, source_type ) values ('08', 'CD', '54','QADClienteCod',100,'STRING','','','PE','TXT');   
insert into iv_mapfield(document_type, doc_level, source, target, length, data_type, table_reference, field_reference, country, source_type ) values ('08', 'CD', '55','QADClienteDir',100,'STRING','','','PE','TXT');   
insert into iv_mapfield(document_type, doc_level, source, target, length, data_type, table_reference, field_reference, country, source_type ) values ('08', 'CD', '56','QADClienteTel',100,'STRING','','','PE','TXT');   
insert into iv_mapfield(document_type, doc_level, source, target, length, data_type, table_reference, field_reference, country, source_type ) values ('08', 'CD', '57','QADClienteEmail',100,'STRING','','','PE','TXT');   
insert into iv_mapfield(document_type, doc_level, source, target, length, data_type, table_reference, field_reference, country, source_type ) values ('08', 'CD', '58','QADNroFactura',100,'STRING','','','PE','TXT');   
insert into iv_mapfield(document_type, doc_level, source, target, length, data_type, table_reference, field_reference, country, source_type ) values ('08', 'CD', '59','QADFechaEmisionRel',100,'STRING','','','PE','TXT');   
insert into iv_mapfield(document_type, doc_level, source, target, length, data_type, table_reference, field_reference, country, source_type ) values ('08', 'CD', '60','QADLeyenda',100,'STRING','','','PE','TXT');   
insert into iv_mapfield(document_type, doc_level, source, target, length, data_type, table_reference, field_reference, country, source_type ) values ('08', 'CD', '61','QADEmailCreador',100,'STRING','','','PE','TXT');   
insert into iv_mapfield(document_type, doc_level, source, target, length, data_type, table_reference, field_reference, country, source_type ) values ('08', 'CD', '/DebitNote/cbc:DocumentCurrencyCode','/DebitNote/cac:TaxTotal/cac:TaxSubtotal/cbc:TaxAmount/@currencyID',3,'STRING','','','PE','EXT');   
insert into iv_mapfield(document_type, doc_level, source, target, length, data_type, table_reference, field_reference, country, source_type ) values ('08', 'CD', '/DebitNote/cbc:DocumentCurrencyCode','/DebitNote/cac:TaxTotal/cbc:TaxAmount/@currencyID_1',3,'STRING','','','PE','EXT');   
insert into iv_mapfield(document_type, doc_level, source, target, length, data_type, table_reference, field_reference, country, source_type ) values ('08', 'CD', '/DebitNote/cbc:DocumentCurrencyCode','/DebitNote/cac:TaxTotal/cbc:TaxAmount/@currencyID_2',3,'STRING','','','PE','EXT');   
insert into iv_mapfield(document_type, doc_level, source, target, length, data_type, table_reference, field_reference, country, source_type ) values ('08', 'CD', '/DebitNote/cbc:DocumentCurrencyCode','/DebitNote/cac:RequestedMonetaryTotal/cbc:PayableAmount/@currencyID',3,'STRING','','','PE','EXT');   
insert into iv_mapfield(document_type, doc_level, source, target, length, data_type, table_reference, field_reference, country, source_type ) values ('08', 'CD', '/DebitNote/cbc:DocumentCurrencyCode','/DebitNote/cac:TaxTotal/cac:TaxSubtotal/cbc:TaxAmount/@currencyID_2',3,'STRING','','','PE','EXT');   
insert into iv_mapfield(document_type, doc_level, source, target, length, data_type, table_reference, field_reference, country, source_type ) values ('08', 'CD', '/DebitNote/cbc:DocumentCurrencyCode','/DebitNote/cac:TaxTotal/cac:TaxSubtotal/cbc:TaxAmount/@currencyID_1',3,'STRING','','','PE','EXT');   
insert into iv_mapfield(document_type, doc_level, source, target, length, data_type, table_reference, field_reference, country, source_type ) values ('08', 'CD', '/DebitNote/cbc:DocumentCurrencyCode','/DebitNote/cac:TaxTotal/cbc:TaxAmount/@currencyID',3,'STRING','','','PE','EXT');   
insert into iv_mapfield(document_type, doc_level, source, target, length, data_type, table_reference, field_reference, country, source_type ) values ('08', 'CD', '/DebitNote/cbc:DocumentCurrencyCode','/DebitNote/cac:RequestedMonetaryTotal/cbc:ChargeTotalAmount/@currencyID',3,'STRING','','','PE','EXT');   



insert into iv_mapfield(document_type, doc_level, source, target, length, data_type, table_reference, field_reference, country, source_type ) values ('08', 'DD', '01','/DebitNote/cac:DebitNoteLine/cbc:ID',3,'STRING','','','PE','TXT');   
insert into iv_mapfield(document_type, doc_level, source, target, length, data_type, table_reference, field_reference, country, source_type ) values ('08', 'DD', '02','/DebitNote/cac:DebitNoteLine/cac:Item/cac:SellersItemIdentification/cbc:ID',2,'STRING','','','PE','TXT');   
insert into iv_mapfield(document_type, doc_level, source, target, length, data_type, table_reference, field_reference, country, source_type ) values ('08', 'DD', '03','/DebitNote/cac:DebitNoteLine/cbc:DebitedQuantity/@unitCode',3,'STRING','','','PE','TXT');   
insert into iv_mapfield(document_type, doc_level, source, target, length, data_type, table_reference, field_reference, country, source_type ) values ('08', 'DD', '04','/DebitNote/cac:DebitNoteLine/cbc:DebitedQuantity',23,'STRING','','','PE','TXT');   
insert into iv_mapfield(document_type, doc_level, source, target, length, data_type, table_reference, field_reference, country, source_type ) values ('08', 'DD', '05','/DebitNote/cac:DebitNoteLine/cac:Item/cbc:Description',250,'STRING','','','PE','TXT');   
insert into iv_mapfield(document_type, doc_level, source, target, length, data_type, table_reference, field_reference, country, source_type ) values ('08', 'DD', '06','/DebitNote/cac:DebitNoteLine/cac:Price/cbc:PriceAmount',15,'DOUBLE','','','PE','TXT');   
insert into iv_mapfield(document_type, doc_level, source, target, length, data_type, table_reference, field_reference, country, source_type ) values ('08', 'DD', '07','/DebitNote/cac:DebitNoteLine/cac:PricingReference/cac:AlternativeConditionPrice/cbc:PriceAmount',23,'DOUBLE','','','PE','TXT');   
insert into iv_mapfield(document_type, doc_level, source, target, length, data_type, table_reference, field_reference, country, source_type ) values ('08', 'DD', '08','/DebitNote/cac:DebitNoteLine/cac:PricingReference/cac:AlternativeConditionPrice/cbc:PriceTypeCode',2,'STRING','','','PE','TXT');   
insert into iv_mapfield(document_type, doc_level, source, target, length, data_type, table_reference, field_reference, country, source_type ) values ('08', 'DD', '09','/DebitNote/cac:DebitNoteLine/cac:TaxTotal/cbc:TaxAmount',15,'DOUBLE','','','PE','TXT');   
insert into iv_mapfield(document_type, doc_level, source, target, length, data_type, table_reference, field_reference, country, source_type ) values ('08', 'DD', '10','/DebitNote/cac:DebitNoteLine/cac:TaxTotal/cac:TaxSubtotal/cbc:TaxAmount',15,'DOUBLE','','','PE','TXT');   
insert into iv_mapfield(document_type, doc_level, source, target, length, data_type, table_reference, field_reference, country, source_type ) values ('08', 'DD', '11','/DebitNote/cac:DebitNoteLine/cac:TaxTotal/cac:TaxSubtotal/cac:TaxCategory/cbc:TaxExemptionReasonCode',2,'STRING','','','PE','TXT');   
insert into iv_mapfield(document_type, doc_level, source, target, length, data_type, table_reference, field_reference, country, source_type ) values ('08', 'DD', '12','/DebitNote/cac:DebitNoteLine/cac:TaxTotal/cac:TaxSubtotal/cac:TaxCategory/cac:TaxScheme/cbc:ID',4,'STRING','','','PE','TXT');   
insert into iv_mapfield(document_type, doc_level, source, target, length, data_type, table_reference, field_reference, country, source_type ) values ('08', 'DD', '13','/DebitNote/cac:DebitNoteLine/cac:TaxTotal/cac:TaxSubtotal/cac:TaxCategory/cac:TaxScheme/cbc:Name',6,'STRING','','','PE','TXT');   
insert into iv_mapfield(document_type, doc_level, source, target, length, data_type, table_reference, field_reference, country, source_type ) values ('08', 'DD', '14','/DebitNote/cac:DebitNoteLine/cac:TaxTotal/cac:TaxSubtotal/cac:TaxCategory/cac:TaxScheme/cbc:TaxTypeCode',3,'STRING','','','PE','TXT');   
insert into iv_mapfield(document_type, doc_level, source, target, length, data_type, table_reference, field_reference, country, source_type ) values ('08', 'DD', '15','/DebitNote/cac:DebitNoteLine/cac:TaxTotal/cbc:TaxAmount_1',15,'DOUBLE','','','PE','TXT');   
insert into iv_mapfield(document_type, doc_level, source, target, length, data_type, table_reference, field_reference, country, source_type ) values ('08', 'DD', '16','/DebitNote/cac:DebitNoteLine/cac:TaxTotal/cac:TaxSubtotal/cbc:TaxAmount_1',15,'DOUBLE','','','PE','TXT');   
insert into iv_mapfield(document_type, doc_level, source, target, length, data_type, table_reference, field_reference, country, source_type ) values ('08', 'DD', '17','/DebitNote/cac:DebitNoteLine/cac:TaxTotal/cac:TaxSubtotal/cac:TaxCategory/cbc:TierRange',2,'STRING','','','PE','TXT');   
insert into iv_mapfield(document_type, doc_level, source, target, length, data_type, table_reference, field_reference, country, source_type ) values ('08', 'DD', '18','/DebitNote/cac:DebitNoteLine/cac:TaxTotal/cac:TaxSubtotal/cac:TaxCategory/cac:TaxScheme/cbc:ID_1',4,'STRING','','','PE','TXT');   
insert into iv_mapfield(document_type, doc_level, source, target, length, data_type, table_reference, field_reference, country, source_type ) values ('08', 'DD', '19','/DebitNote/cac:DebitNoteLine/cac:TaxTotal/cac:TaxSubtotal/cac:TaxCategory/cac:TaxScheme/cbc:Name_1',6,'STRING','','','PE','TXT');   
insert into iv_mapfield(document_type, doc_level, source, target, length, data_type, table_reference, field_reference, country, source_type ) values ('08', 'DD', '20','/DebitNote/cac:DebitNoteLine/cac:TaxTotal/cac:TaxSubtotal/cac:TaxCategory/cac:TaxScheme/cbc:TaxTypeCode_1',3,'STRING','','','PE','TXT');   
insert into iv_mapfield(document_type, doc_level, source, target, length, data_type, table_reference, field_reference, country, source_type ) values ('08', 'DD', '21','/DebitNote/cac:DebitNoteLine/cbc:LineExtensionAmount',15,'DOUBLE','','','PE','TXT');  
insert into iv_mapfield(document_type, doc_level, source, target, length, data_type, table_reference, field_reference, country, source_type ) values ('08', 'DD', '22','itemReferenciasValor',100,'STRING','','','PE','TXT');   
insert into iv_mapfield(document_type, doc_level, source, target, length, data_type, table_reference, field_reference, country, source_type ) values ('08', 'DD', '23','itemReferencialCode',100,'STRING','','','PE','TXT');   
insert into iv_mapfield(document_type, doc_level, source, target, length, data_type, table_reference, field_reference, country, source_type ) values ('08', 'DD', '24','QADUnidadMedida',100,'STRING','','','PE','TXT');   
insert into iv_mapfield(document_type, doc_level, source, target, length, data_type, table_reference, field_reference, country, source_type ) values ('08', 'DD', '25','QADObs',100,'STRING','','','PE','TXT');   
insert into iv_mapfield(document_type, doc_level, source, target, length, data_type, table_reference, field_reference, country, source_type ) values ('08', 'DD', '/DebitNote/cbc:DocumentCurrencyCode','/DebitNote/cac:DebitNoteLine/cac:PricingReference/cac:AlternativeConditionPrice/cbc:PriceAmount/@currencyID',3,'STRING','','','PE','EXT');   
insert into iv_mapfield(document_type, doc_level, source, target, length, data_type, table_reference, field_reference, country, source_type ) values ('08', 'DD', '/DebitNote/cbc:DocumentCurrencyCode','/DebitNote/cac:DebitNoteLine/cbc:LineExtensionAmount/@currencyID',3,'STRING','','','PE','EXT');   
insert into iv_mapfield(document_type, doc_level, source, target, length, data_type, table_reference, field_reference, country, source_type ) values ('08', 'DD', '/DebitNote/cbc:DocumentCurrencyCode','/DebitNote/cac:DebitNoteLine/cac:TaxTotal/cbc:TaxAmount/@currencyID',3,'STRING','','','PE','EXT');   
insert into iv_mapfield(document_type, doc_level, source, target, length, data_type, table_reference, field_reference, country, source_type ) values ('08', 'DD', '/DebitNote/cbc:DocumentCurrencyCode','/DebitNote/cac:DebitNoteLine/cac:Price/cbc:PriceAmount/@currencyID',3,'STRING','','','PE','EXT');   
insert into iv_mapfield(document_type, doc_level, source, target, length, data_type, table_reference, field_reference, country, source_type ) values ('08', 'DD', '/DebitNote/cbc:DocumentCurrencyCode','/DebitNote/cac:DebitNoteLine/cac:TaxTotal/cac:TaxSubtotal/cbc:TaxAmount/@currencyID_1',3,'STRING','','','PE','EXT');   
insert into iv_mapfield(document_type, doc_level, source, target, length, data_type, table_reference, field_reference, country, source_type ) values ('08', 'DD', '/DebitNote/cbc:DocumentCurrencyCode','/DebitNote/cac:DebitNoteLine/cac:TaxTotal/cbc:TaxAmount/@currencyID_1',3,'STRING','','','PE','EXT');   
insert into iv_mapfield(document_type, doc_level, source, target, length, data_type, table_reference, field_reference, country, source_type ) values ('08', 'DD', '/DebitNote/cbc:DocumentCurrencyCode','/DebitNote/cac:DebitNoteLine/cac:TaxTotal/cac:TaxSubtotal/cbc:TaxAmount/@currencyID',3,'STRING','','','PE','EXT');   


/******************************************************************************************************* Mapeo de Campos de Recibo *********************************************************************************************************/
/*********************************************************************************************************************************************************************************************************************************************/
insert into iv_mapfield(document_type, doc_level, source, target, length, data_type, table_reference, field_reference, country, source_type ) values ('03', 'CB', '01','/Invoice/cbc:IssueDate',10,'STRING','','','PE','TXT');   
insert into iv_mapfield(document_type, doc_level, source, target, length, data_type, table_reference, field_reference, country, source_type ) values ('03', 'CB', '02','/Invoice/cac:AccountingSupplierParty/cac:Party/cac:PartyLegalEntity/cbc:RegistrationName',100,'STRING','','','PE','TXT');   
insert into iv_mapfield(document_type, doc_level, source, target, length, data_type, table_reference, field_reference, country, source_type ) values ('03', 'CB', '03','/Invoice/cac:AccountingSupplierParty/cac:Party/cac:PartyName/cbc:Name',100,'STRING','','','PE','TXT');   
insert into iv_mapfield(document_type, doc_level, source, target, length, data_type, table_reference, field_reference, country, source_type ) values ('03', 'CB', '04','/Invoice/cac:AccountingSupplierParty/cac:Party/cac:PostalAddress/cbc:ID',6,'STRING','','','PE','TXT');   
insert into iv_mapfield(document_type, doc_level, source, target, length, data_type, table_reference, field_reference, country, source_type ) values ('03', 'CB', '05','/Invoice/cac:AccountingSupplierParty/cac:Party/cac:PostalAddress/cbc:StreetName',100,'STRING','','','PE','TXT');   
insert into iv_mapfield(document_type, doc_level, source, target, length, data_type, table_reference, field_reference, country, source_type ) values ('03', 'CB', '06','/Invoice/cac:AccountingSupplierParty/cac:Party/cac:PostalAddress/cbc:CitySubdivisionName',25,'STRING','','','PE','TXT');   
insert into iv_mapfield(document_type, doc_level, source, target, length, data_type, table_reference, field_reference, country, source_type ) values ('03', 'CB', '07','/Invoice/cac:AccountingSupplierParty/cac:Party/cac:PostalAddress/cbc:CityName',30,'STRING','','','PE','TXT');   
insert into iv_mapfield(document_type, doc_level, source, target, length, data_type, table_reference, field_reference, country, source_type ) values ('03', 'CB', '08','/Invoice/cac:AccountingSupplierParty/cac:Party/cac:PostalAddress/cbc:CountrySubentity',30,'STRING','','','PE','TXT');   
insert into iv_mapfield(document_type, doc_level, source, target, length, data_type, table_reference, field_reference, country, source_type ) values ('03', 'CB', '09','/Invoice/cac:AccountingSupplierParty/cac:Party/cac:PostalAddress/cbc:District',30,'STRING','','','PE','TXT');   
insert into iv_mapfield(document_type, doc_level, source, target, length, data_type, table_reference, field_reference, country, source_type ) values ('03', 'CB', '10','/Invoice/cac:AccountingSupplierParty/cac:Party/cac:PostalAddress/cac:Country/cbc:IdentificationCode',2,'STRING','','','PE','TXT');   
insert into iv_mapfield(document_type, doc_level, source, target, length, data_type, table_reference, field_reference, country, source_type ) values ('03', 'CB', '11','/Invoice/cac:AccountingSupplierParty/cbc:CustomerAssignedAccountID',11,'NUMBER','','','PE','TXT');   
insert into iv_mapfield(document_type, doc_level, source, target, length, data_type, table_reference, field_reference, country, source_type ) values ('03', 'CB', '12','/Invoice/cac:AccountingSupplierParty/cbc:AdditionalAccountID',1,'NUMBER','','','PE','TXT');   
insert into iv_mapfield(document_type, doc_level, source, target, length, data_type, table_reference, field_reference, country, source_type ) values ('03', 'CB', '13','/Invoice/cbc:InvoiceTypeCode',2,'STRING','','','PE','TXT');   
insert into iv_mapfield(document_type, doc_level, source, target, length, data_type, table_reference, field_reference, country, source_type ) values ('03', 'CB', '14','/Invoice/cbc:ID',13,'STRING','','','PE','TXT');   
insert into iv_mapfield(document_type, doc_level, source, target, length, data_type, table_reference, field_reference, country, source_type ) values ('03', 'CB', '15','/Invoice/cac:AccountingCustomerParty/cbc:CustomerAssignedAccountID',15,'STRING','','','PE','TXT');   
insert into iv_mapfield(document_type, doc_level, source, target, length, data_type, table_reference, field_reference, country, source_type ) values ('03', 'CB', '16','/Invoice/cac:AccountingCustomerParty/cbc:AdditionalAccountID',1,'STRING','','','PE','TXT');   
insert into iv_mapfield(document_type, doc_level, source, target, length, data_type, table_reference, field_reference, country, source_type ) values ('03', 'CB', '17','/Invoice/cac:AccountingCustomerParty/cac:Party/cac:PartyLegalEntity/cbc:RegistrationName',100,'STRING','','','PE','TXT');   
insert into iv_mapfield(document_type, doc_level, source, target, length, data_type, table_reference, field_reference, country, source_type ) values ('03', 'CB', '18','/Invoice/cac:AccountingCustomerParty/cac:Party/cac:PhysicalLocation/cbc:Description',100,'STRING','','','PE','TXT');   
insert into iv_mapfield(document_type, doc_level, source, target, length, data_type, table_reference, field_reference, country, source_type ) values ('03', 'CB', '19','/Invoice/cbc:DocumentCurrencyCode',3,'STRING','','','PE','TXT');   
insert into iv_mapfield(document_type, doc_level, source, target, length, data_type, table_reference, field_reference, country, source_type ) values ('03', 'CB', '20','/Invoice/ext:UBLExtensions/ext:UBLExtension/ext:ExtensionContent/sac:AdditionalInformation/sac:AdditionalMonetaryTotal/cbc:ID',4,'STRING','','','PE','TXT');   
insert into iv_mapfield(document_type, doc_level, source, target, length, data_type, table_reference, field_reference, country, source_type ) values ('03', 'CB', '21','/Invoice/ext:UBLExtensions/ext:UBLExtension/ext:ExtensionContent/sac:AdditionalInformation/sac:AdditionalMonetaryTotal/cbc:PayableAmount',15,'DOUBLE','','','PE','TXT');   
insert into iv_mapfield(document_type, doc_level, source, target, length, data_type, table_reference, field_reference, country, source_type ) values ('03', 'CB', '22','/Invoice/ext:UBLExtensions/ext:UBLExtension/ext:ExtensionContent/sac:AdditionalInformation/sac:AdditionalMonetaryTotal/cbc:ID_1',4,'STRING','','','PE','TXT');   
insert into iv_mapfield(document_type, doc_level, source, target, length, data_type, table_reference, field_reference, country, source_type ) values ('03', 'CB', '23','/Invoice/ext:UBLExtensions/ext:UBLExtension/ext:ExtensionContent/sac:AdditionalInformation/sac:AdditionalMonetaryTotal/cbc:PayableAmount_1',15,'DOUBLE','','','PE','TXT');   
insert into iv_mapfield(document_type, doc_level, source, target, length, data_type, table_reference, field_reference, country, source_type ) values ('03', 'CB', '24','/Invoice/ext:UBLExtensions/ext:UBLExtension/ext:ExtensionContent/sac:AdditionalInformation/sac:AdditionalMonetaryTotal/cbc:ID_2',4,'STRING','','','PE','TXT');   
insert into iv_mapfield(document_type, doc_level, source, target, length, data_type, table_reference, field_reference, country, source_type ) values ('03', 'CB', '25','/Invoice/ext:UBLExtensions/ext:UBLExtension/ext:ExtensionContent/sac:AdditionalInformation/sac:AdditionalMonetaryTotal/cbc:PayableAmount_2',15,'DOUBLE','','','PE','TXT');   
insert into iv_mapfield(document_type, doc_level, source, target, length, data_type, table_reference, field_reference, country, source_type ) values ('03', 'CB', '26','/Invoice/cac:TaxTotal/cbc:TaxAmount',15,'DOUBLE','','','PE','TXT');   
insert into iv_mapfield(document_type, doc_level, source, target, length, data_type, table_reference, field_reference, country, source_type ) values ('03', 'CB', '27','/Invoice/cac:TaxTotal/cac:TaxSubtotal/cbc:TaxAmount',15,'DOUBLE','','','PE','TXT');   
insert into iv_mapfield(document_type, doc_level, source, target, length, data_type, table_reference, field_reference, country, source_type ) values ('03', 'CB', '28','/Invoice/cac:TaxTotal/cac:TaxSubtotal/cac:TaxCategory/cac:TaxScheme/cbc:ID',4,'STRING','','','PE','TXT');   
insert into iv_mapfield(document_type, doc_level, source, target, length, data_type, table_reference, field_reference, country, source_type ) values ('03', 'CB', '29','/Invoice/cac:TaxTotal/cac:TaxSubtotal/cac:TaxCategory/cac:TaxScheme/cbc:Name',6,'STRING','','','PE','TXT');   
insert into iv_mapfield(document_type, doc_level, source, target, length, data_type, table_reference, field_reference, country, source_type ) values ('03', 'CB', '30','/Invoice/cac:TaxTotal/cac:TaxSubtotal/cac:TaxCategory/cac:TaxScheme/cbc:TaxTypeCode',3,'STRING','','','PE','TXT');   
insert into iv_mapfield(document_type, doc_level, source, target, length, data_type, table_reference, field_reference, country, source_type ) values ('03', 'CB', '31','/Invoice/cac:TaxTotal/cbc:TaxAmount_1',15,'DOUBLE','','','PE','TXT');   
insert into iv_mapfield(document_type, doc_level, source, target, length, data_type, table_reference, field_reference, country, source_type ) values ('03', 'CB', '32','/Invoice/cac:TaxTotal/cac:TaxSubtotal/cbc:TaxAmount_1',15,'DOUBLE','','','PE','TXT');   
insert into iv_mapfield(document_type, doc_level, source, target, length, data_type, table_reference, field_reference, country, source_type ) values ('03', 'CB', '33','/Invoice/cac:TaxTotal/cac:TaxSubtotal/cac:TaxCategory/cac:TaxScheme/cbc:ID_1',4,'STRING','','','PE','TXT');   
insert into iv_mapfield(document_type, doc_level, source, target, length, data_type, table_reference, field_reference, country, source_type ) values ('03', 'CB', '34','/Invoice/cac:TaxTotal/cac:TaxSubtotal/cac:TaxCategory/cac:TaxScheme/cbc:Name_1',6,'STRING','','','PE','TXT');   
insert into iv_mapfield(document_type, doc_level, source, target, length, data_type, table_reference, field_reference, country, source_type ) values ('03', 'CB', '35','/Invoice/cac:TaxTotal/cac:TaxSubtotal/cac:TaxCategory/cac:TaxScheme/cbc:TaxTypeCode_1',3,'STRING','','','PE','TXT');   
insert into iv_mapfield(document_type, doc_level, source, target, length, data_type, table_reference, field_reference, country, source_type ) values ('03', 'CB', '36','/Invoice/cac:TaxTotal/cbc:TaxAmount_2',15,'DOUBLE','','','PE','TXT');   
insert into iv_mapfield(document_type, doc_level, source, target, length, data_type, table_reference, field_reference, country, source_type ) values ('03', 'CB', '37','/Invoice/cac:TaxTotal/cac:TaxSubtotal/cbc:TaxAmount_2',15,'DOUBLE','','','PE','TXT');   
insert into iv_mapfield(document_type, doc_level, source, target, length, data_type, table_reference, field_reference, country, source_type ) values ('03', 'CB', '38','/Invoice/cac:TaxTotal/cac:TaxSubtotal/cac:TaxCategory/cac:TaxScheme/cbc:ID_2',4,'STRING','','','PE','TXT');   
insert into iv_mapfield(document_type, doc_level, source, target, length, data_type, table_reference, field_reference, country, source_type ) values ('03', 'CB', '39','/Invoice/cac:TaxTotal/cac:TaxSubtotal/cac:TaxCategory/cac:TaxScheme/cbc:Name_2',6,'STRING','','','PE','TXT');   
insert into iv_mapfield(document_type, doc_level, source, target, length, data_type, table_reference, field_reference, country, source_type ) values ('03', 'CB', '40','/Invoice/cac:TaxTotal/cac:TaxSubtotal/cac:TaxCategory/cac:TaxScheme/cbc:TaxTypeCode_2',3,'STRING','','','PE','TXT');   
insert into iv_mapfield(document_type, doc_level, source, target, length, data_type, table_reference, field_reference, country, source_type ) values ('03', 'CB', '41','/Invoice/cac:LegalMonetaryTotal/cbc:ChargeTotalAmount',15,'DOUBLE','','','PE','TXT');   
insert into iv_mapfield(document_type, doc_level, source, target, length, data_type, table_reference, field_reference, country, source_type ) values ('03', 'CB', '42','/Invoice/ext:UBLExtensions/ext:UBLExtension/ext:ExtensionContent/sac:AdditionalInformation/sac:AdditionalMonetaryTotal/cbc:ID_3',4,'STRING','','','PE','TXT');   
insert into iv_mapfield(document_type, doc_level, source, target, length, data_type, table_reference, field_reference, country, source_type ) values ('03', 'CB', '43','/Invoice/ext:UBLExtensions/ext:UBLExtension/ext:ExtensionContent/sac:AdditionalInformation/sac:AdditionalMonetaryTotal/cbc:PayableAmount_3',15,'DOUBLE','','','PE','TXT');   
insert into iv_mapfield(document_type, doc_level, source, target, length, data_type, table_reference, field_reference, country, source_type ) values ('03', 'CB', '44','/Invoice/cac:LegalMonetaryTotal/cbc:PayableAmount',15,'DOUBLE','','','PE','TXT');   
insert into iv_mapfield(document_type, doc_level, source, target, length, data_type, table_reference, field_reference, country, source_type ) values ('03', 'CB', '45','/Invoice/cac:DespatchDocumentReference/cbc:ID',30,'STRING','','','PE','TXT');   
insert into iv_mapfield(document_type, doc_level, source, target, length, data_type, table_reference, field_reference, country, source_type ) values ('03', 'CB', '46','/Invoice/cac:DespatchDocumentReference/cbc:DocumentTypeCode',2,'STRING','','','PE','TXT');   
insert into iv_mapfield(document_type, doc_level, source, target, length, data_type, table_reference, field_reference, country, source_type ) values ('03', 'CB', '47','/Invoice/cac:AdditionalDocumentReference/cbc:ID',30,'STRING','','','PE','TXT');   
insert into iv_mapfield(document_type, doc_level, source, target, length, data_type, table_reference, field_reference, country, source_type ) values ('03', 'CB', '48','/Invoice/cac:AdditionalDocumentReference/cbc:DocumentTypeCode',2,'STRING','','','PE','TXT');   
insert into iv_mapfield(document_type, doc_level, source, target, length, data_type, table_reference, field_reference, country, source_type ) values ('03', 'CB', '49','/Invoice/ext:UBLExtensions/ext:UBLExtension/ext:ExtensionContent/sac:AdditionalInformation/sac:AdditionalProperty/cbc:ID',4,'STRING','','','PE','TXT');   
insert into iv_mapfield(document_type, doc_level, source, target, length, data_type, table_reference, field_reference, country, source_type ) values ('03', 'CB', '50','/Invoice/ext:UBLExtensions/ext:UBLExtension/ext:ExtensionContent/sac:AdditionalInformation/sac:AdditionalProperty/cbc:Value',100,'STRING','','','PE','TXT');   
insert into iv_mapfield(document_type, doc_level, source, target, length, data_type, table_reference, field_reference, country, source_type ) values ('03', 'CB', '51','/Invoice/ext:UBLExtensions/ext:UBLExtension/ext:ExtensionContent/sac:AdditionalInformation/sac:AdditionalMonetaryTotal/cbc:ID_4',4,'STRING','','','PE','TXT');   
insert into iv_mapfield(document_type, doc_level, source, target, length, data_type, table_reference, field_reference, country, source_type ) values ('03', 'CB', '52','/Invoice/ext:UBLExtensions/ext:UBLExtension/ext:ExtensionContent/sac:AdditionalInformation/sac:AdditionalMonetaryTotal/cbc:PayableAmount_4',15,'DOUBLE','','','PE','TXT');   
insert into iv_mapfield(document_type, doc_level, source, target, length, data_type, table_reference, field_reference, country, source_type ) values ('03', 'CB', '53','/Invoice/ext:UBLExtensions/ext:UBLExtension/ext:ExtensionContent/sac:AdditionalInformation/sac:AdditionalMonetaryTotal/cbc:TotalAmount',15,'DOUBLE','','','PE','TXT');   
insert into iv_mapfield(document_type, doc_level, source, target, length, data_type, table_reference, field_reference, country, source_type ) values ('03', 'CB', '54','UBLversion',10,'STRING','','','PE','TXT');   
insert into iv_mapfield(document_type, doc_level, source, target, length, data_type, table_reference, field_reference, country, source_type ) values ('03', 'CB', '55','UBLversionEstruc',10,'STRING','','','PE','TXT');   
insert into iv_mapfield(document_type, doc_level, source, target, length, data_type, table_reference, field_reference, country, source_type ) values ('03', 'CB', '56','/Invoice/ext:UBLExtensions/ext:UBLExtension/ext:ExtensionContent/sac:AdditionalInformation/sac:AdditionalMonetaryTotal/cbc:ID_5',4,'STRING','','','PE','TXT');   
insert into iv_mapfield(document_type, doc_level, source, target, length, data_type, table_reference, field_reference, country, source_type ) values ('03', 'CB', '57','/Invoice/ext:UBLExtensions/ext:UBLExtension/ext:ExtensionContent/sac:AdditionalInformation/sac:AdditionalMonetaryTotal/sac:ReferenceAmount',15,'DOUBLE','','','PE','TXT');   
insert into iv_mapfield(document_type, doc_level, source, target, length, data_type, table_reference, field_reference, country, source_type ) values ('03', 'CB', '58','/Invoice/ext:UBLExtensions/ext:UBLExtension/ext:ExtensionContent/sac:AdditionalInformation/sac:AdditionalMonetaryTotal/cbc:PayableAmount_5',15,'DOUBLE','','','PE','TXT');   
insert into iv_mapfield(document_type, doc_level, source, target, length, data_type, table_reference, field_reference, country, source_type ) values ('03', 'CB', '59','/Invoice/ext:UBLExtensions/ext:UBLExtension/ext:ExtensionContent/sac:AdditionalInformation/sac:AdditionalMonetaryTotal/sac:TotalAmount',15,'DOUBLE','','','PE','TXT');   
insert into iv_mapfield(document_type, doc_level, source, target, length, data_type, table_reference, field_reference, country, source_type ) values ('03', 'CB', '60','/Invoice/ext:UBLExtensions/ext:UBLExtension/ext:ExtensionContent/sac:AdditionalInformation/sac:AdditionalMonetaryTotal/cbc:ID_6',4,'STRING','','','PE','TXT');   
insert into iv_mapfield(document_type, doc_level, source, target, length, data_type, table_reference, field_reference, country, source_type ) values ('03', 'CB', '61','/Invoice/ext:UBLExtensions/ext:UBLExtension/ext:ExtensionContent/sac:AdditionalInformation/sac:AdditionalMonetaryTotal/cbc:PayableAmount_6',18,'DOUBLE','','','PE','TXT');   
insert into iv_mapfield(document_type, doc_level, source, target, length, data_type, table_reference, field_reference, country, source_type ) values ('03', 'CB', '62','/Invoice/cac:LegalMonetaryTotal/cbc:AllowanceTotalAmount',15,'DOUBLE','','','PE','TXT');   
insert into iv_mapfield(document_type, doc_level, source, target, length, data_type, table_reference, field_reference, country, source_type ) values ('03', 'CB', '/Invoice/cbc:DocumentCurrencyCode','/Invoice/cac:LegalMonetaryTotal/cbc:PayableAmount/@currencyID',3,'STRING','','','PE','EXT');   
insert into iv_mapfield(document_type, doc_level, source, target, length, data_type, table_reference, field_reference, country, source_type ) values ('03', 'CB', '/Invoice/cbc:DocumentCurrencyCode','/Invoice/cac:TaxTotal/cbc:TaxAmount/@currencyID',3,'STRING','','','PE','EXT');
insert into iv_mapfield(document_type, doc_level, source, target, length, data_type, table_reference, field_reference, country, source_type ) values ('03', 'CB', '/Invoice/cbc:DocumentCurrencyCode','/Invoice/cac:TaxTotal/cac:TaxSubtotal/cbc:TaxAmount/@currencyID',3,'STRING','','','PE','EXT');
insert into iv_mapfield(document_type, doc_level, source, target, length, data_type, table_reference, field_reference, country, source_type ) values ('03', 'CB', '/Invoice/cbc:DocumentCurrencyCode','/Invoice/cac:TaxTotal/cbc:TaxAmount/@currencyID_2',3,'STRING','','','PE','EXT');
insert into iv_mapfield(document_type, doc_level, source, target, length, data_type, table_reference, field_reference, country, source_type ) values ('03', 'CB', '/Invoice/cbc:DocumentCurrencyCode','/Invoice/cac:TaxTotal/cbc:TaxAmount/@currencyID_1',3,'STRING','','','PE','EXT');
insert into iv_mapfield(document_type, doc_level, source, target, length, data_type, table_reference, field_reference, country, source_type ) values ('03', 'CB', '/Invoice/cbc:DocumentCurrencyCode','/Invoice/cac:TaxTotal/cac:TaxSubtotal/cbc:TaxAmount/@currencyID_2',3,'STRING','','','PE','EXT');
insert into iv_mapfield(document_type, doc_level, source, target, length, data_type, table_reference, field_reference, country, source_type ) values ('03', 'CB', '/Invoice/cbc:DocumentCurrencyCode','/Invoice/cac:TaxTotal/cac:TaxSubtotal/cbc:TaxAmount/@currencyID_1',3,'STRING','','','PE','EXT');
insert into iv_mapfield(document_type, doc_level, source, target, length, data_type, table_reference, field_reference, country, source_type ) values ('03', 'CB', '/Invoice/cbc:DocumentCurrencyCode','/Invoice/cac:LegalMonetaryTotal/cbc:ChargeTotalAmount/@currencyID',3,'STRING','','','PE','EXT');
insert into iv_mapfield(document_type, doc_level, source, target, length, data_type, table_reference, field_reference, country, source_type ) values ('03', 'CB', '/Invoice/ext:UBLExtensions/ext:UBLExtension/ext:ExtensionContent/sac:AdditionalInformation/sac:AdditionalProperty/cbc:ID', '/Invoice/ext:UBLExtensions/ext:UBLExtension/ext:ExtensionContent/sac:AdditionalInformation/sac:AdditionalProperty/cbc:ID',4,'STRING','','','PE','EXTS');   
insert into iv_mapfield(document_type, doc_level, source, target, length, data_type, table_reference, field_reference, country, source_type ) values ('03', 'CB', '/Invoice/ext:UBLExtensions/ext:UBLExtension/ext:ExtensionContent/sac:AdditionalInformation/sac:AdditionalProperty/cbc:Value','/Invoice/ext:UBLExtensions/ext:UBLExtension/ext:ExtensionContent/sac:AdditionalInformation/sac:AdditionalProperty/cbc:Value',100,'STRING','','','PE','EXTS');   


insert into iv_mapfield(document_type, doc_level, source, target, length, data_type, table_reference, field_reference, country, source_type ) values ('03', 'DB', '01','/Invoice/cac:InvoiceLine/cbc:ID',3,'NUMBER','','','PE','TXT');   
insert into iv_mapfield(document_type, doc_level, source, target, length, data_type, table_reference, field_reference, country, source_type ) values ('03', 'DB', '02','/Invoice/cac:InvoiceLine/cac:Item/cac:SellersItemIdentification/cbc:ID',30,'STRING','','','PE','TXT'); 
insert into iv_mapfield(document_type, doc_level, source, target, length, data_type, table_reference, field_reference, country, source_type ) values ('03', 'DB', '03','/Invoice/cac:InvoiceLine/cbc:InvoicedQuantity/@unitCode',3,'STRING','','','PE','TXT');   
insert into iv_mapfield(document_type, doc_level, source, target, length, data_type, table_reference, field_reference, country, source_type ) values ('03', 'DB', '04','/Invoice/cac:InvoiceLine/cbc:InvoicedQuantity',23,'STRING','','','PE','TXT');   
insert into iv_mapfield(document_type, doc_level, source, target, length, data_type, table_reference, field_reference, country, source_type ) values ('03', 'DB', '05','/Invoice/cac:InvoiceLine/cac:Item/cbc:Description',250,'STRING','','','PE','TXT');     
insert into iv_mapfield(document_type, doc_level, source, target, length, data_type, table_reference, field_reference, country, source_type ) values ('03', 'DB', '06','/Invoice/cac:InvoiceLine/cac:Price/cbc:PriceAmount',15,'DOUBLE','','','PE','TXT');   
insert into iv_mapfield(document_type, doc_level, source, target, length, data_type, table_reference, field_reference, country, source_type ) values ('03', 'DB', '07','/Invoice/cac:InvoiceLine/cac:PricingReference/cac:AlternativeConditionPrice/cbc:PriceAmount',23,'DOUBLE','','','PE','TXT'); 
insert into iv_mapfield(document_type, doc_level, source, target, length, data_type, table_reference, field_reference, country, source_type ) values ('03', 'DB', '08','/Invoice/cac:InvoiceLine/cac:PricingReference/cac:AlternativeConditionPrice/cbc:PriceTypeCode',2,'STRING','','','PE','TXT');   
insert into iv_mapfield(document_type, doc_level, source, target, length, data_type, table_reference, field_reference, country, source_type ) values ('03', 'DB', '09','/Invoice/cac:InvoiceLine/cac:TaxTotal/cbc:TaxAmount',15,'DOUBLE','','','PE','TXT');   
insert into iv_mapfield(document_type, doc_level, source, target, length, data_type, table_reference, field_reference, country, source_type ) values ('03', 'DB', '10','/Invoice/cac:InvoiceLine/cac:TaxTotal/cac:TaxSubtotal/cbc:TaxAmount',15,'DOUBLE','','','PE','TXT');     
insert into iv_mapfield(document_type, doc_level, source, target, length, data_type, table_reference, field_reference, country, source_type ) values ('03', 'DB', '11','/Invoice/cac:InvoiceLine/cac:TaxTotal/cac:TaxSubtotal/cac:TaxCategory/cbc:TaxExemptionReasonCode',2,'STRING','','','PE','TXT');   
insert into iv_mapfield(document_type, doc_level, source, target, length, data_type, table_reference, field_reference, country, source_type ) values ('03', 'DB', '12','/Invoice/cac:InvoiceLine/cac:TaxTotal/cac:TaxSubtotal/cac:TaxCategory/cac:TaxScheme/cbc:ID',4,'STRING','','','PE','TXT'); 
insert into iv_mapfield(document_type, doc_level, source, target, length, data_type, table_reference, field_reference, country, source_type ) values ('03', 'DB', '13','/Invoice/cac:InvoiceLine/cac:TaxTotal/cac:TaxSubtotal/cac:TaxCategory/cac:TaxScheme/cbc:Name',6,'STRING','','','PE','TXT');   
insert into iv_mapfield(document_type, doc_level, source, target, length, data_type, table_reference, field_reference, country, source_type ) values ('03', 'DB', '14','/Invoice/cac:InvoiceLine/cac:TaxTotal/cac:TaxSubtotal/cac:TaxCategory/cac:TaxScheme/cbc:TaxTypeCode',3,'STRING','','','PE','TXT');   
insert into iv_mapfield(document_type, doc_level, source, target, length, data_type, table_reference, field_reference, country, source_type ) values ('03', 'DB', '15','/Invoice/cac:InvoiceLine/cac:TaxTotal/cbc:TaxAmount_1',15,'DOUBLE','','','PE','TXT');     
insert into iv_mapfield(document_type, doc_level, source, target, length, data_type, table_reference, field_reference, country, source_type ) values ('03', 'DB', '16','/Invoice/cac:InvoiceLine/cac:TaxTotal/cac:TaxSubtotal/cbc:TaxAmount_1',15,'DOUBLE','','','PE','TXT');   
insert into iv_mapfield(document_type, doc_level, source, target, length, data_type, table_reference, field_reference, country, source_type ) values ('03', 'DB', '17','/Invoice/cac:InvoiceLine/cac:TaxTotal/cac:TaxSubtotal/cac:TaxCategory/cbc:TierRange',2,'STRING','','','PE','TXT'); 
insert into iv_mapfield(document_type, doc_level, source, target, length, data_type, table_reference, field_reference, country, source_type ) values ('03', 'DB', '18','/Invoice/cac:InvoiceLine/cac:TaxTotal/cac:TaxSubtotal/cac:TaxCategory/cac:TaxScheme/cbc:ID_1',4,'STRING','','','PE','TXT');   
insert into iv_mapfield(document_type, doc_level, source, target, length, data_type, table_reference, field_reference, country, source_type ) values ('03', 'DB', '19','/Invoice/cac:InvoiceLine/cac:TaxTotal/cac:TaxSubtotal/cac:TaxCategory/cac:TaxScheme/cbc:Name_1',6,'STRING','','','PE','TXT');   
insert into iv_mapfield(document_type, doc_level, source, target, length, data_type, table_reference, field_reference, country, source_type ) values ('03', 'DB', '20','/Invoice/cac:InvoiceLine/cac:TaxTotal/cac:TaxSubtotal/cac:TaxCategory/cac:TaxScheme/cbc:TaxTypeCode_1',3,'STRING','','','PE','TXT');     
insert into iv_mapfield(document_type, doc_level, source, target, length, data_type, table_reference, field_reference, country, source_type ) values ('03', 'DB', '21','/Invoice/cac:InvoiceLine/cbc:LineExtensionAmount',15,'DOUBLE','','','PE','TXT');   
insert into iv_mapfield(document_type, doc_level, source, target, length, data_type, table_reference, field_reference, country, source_type ) values ('03', 'DB', '22','/Invoice/cac:InvoiceLine/cac:PricingReference/cac:AlternativeConditionPrice/cbc:PriceAmount_1',15,'DOUBLE','','','PE','TXT'); 
insert into iv_mapfield(document_type, doc_level, source, target, length, data_type, table_reference, field_reference, country, source_type ) values ('03', 'DB', '23','/Invoice/cac:InvoiceLine/cac:PricingReference/cac:AlternativeConditionPrice/cbc:PriceTypeCode_1',2,'STRING','','','PE','TXT'); 
insert into iv_mapfield(document_type, doc_level, source, target, length, data_type, table_reference, field_reference, country, source_type ) values ('03', 'DB', '24','/Invoice/cac:InvoiceLine/cac:Allowancecharge/cbc:ChargeIndicator',5,'STRING','','','PE','TXT'); 
insert into iv_mapfield(document_type, doc_level, source, target, length, data_type, table_reference, field_reference, country, source_type ) values ('03', 'DB', '25','/Invoice/cac:InvoiceLine/cac:Allowancecharge/cbc:Amount',15,'DOUBLE','','','PE','TXT'); 
insert into iv_mapfield(document_type, doc_level, source, target, length, data_type, table_reference, field_reference, country, source_type ) values ('03', 'DB', '/Invoice/cbc:DocumentCurrencyCode','/Invoice/cac:InvoiceLine/cac:PricingReference/cac:AlternativeConditionPrice/cbc:PriceAmount/@currencyID_1',3,'STRING','','','PE','EXT');
insert into iv_mapfield(document_type, doc_level, source, target, length, data_type, table_reference, field_reference, country, source_type ) values ('03', 'DB', '/Invoice/cbc:DocumentCurrencyCode','/Invoice/cac:InvoiceLine/cac:TaxTotal/cbc:TaxAmount/@currencyID_1',3,'STRING','','','PE','EXT');
insert into iv_mapfield(document_type, doc_level, source, target, length, data_type, table_reference, field_reference, country, source_type ) values ('03', 'DB', '/Invoice/cbc:DocumentCurrencyCode','/Invoice/cac:InvoiceLine/cbc:LineExtensionAmount/@currencyID',3,'STRING','','','PE','EXT');
insert into iv_mapfield(document_type, doc_level, source, target, length, data_type, table_reference, field_reference, country, source_type ) values ('03', 'DB', '/Invoice/cbc:DocumentCurrencyCode','/Invoice/cac:InvoiceLine/cac:Price/cbc:PriceAmount/@currencyID',3,'STRING','','','PE','EXT');
insert into iv_mapfield(document_type, doc_level, source, target, length, data_type, table_reference, field_reference, country, source_type ) values ('03', 'DB', '/Invoice/cbc:DocumentCurrencyCode','/Invoice/cac:InvoiceLine/cac:PricingReference/cac:AlternativeConditionPrice/cbc:PriceAmount/@currencyID',3,'STRING','','','PE','EXT');
insert into iv_mapfield(document_type, doc_level, source, target, length, data_type, table_reference, field_reference, country, source_type ) values ('03', 'DB', '/Invoice/cbc:DocumentCurrencyCode','/Invoice/cac:InvoiceLine/cac:TaxTotal/cac:TaxSubtotal/cbc:TaxAmount/@currencyID',3,'STRING','','','PE','EXT');
insert into iv_mapfield(document_type, doc_level, source, target, length, data_type, table_reference, field_reference, country, source_type ) values ('03', 'DB', '/Invoice/cbc:DocumentCurrencyCode','/Invoice/cac:InvoiceLine/cac:TaxTotal/cac:TaxSubtotal/cbc:TaxAmount/@currencyID_1',3,'STRING','','','PE','EXT');
insert into iv_mapfield(document_type, doc_level, source, target, length, data_type, table_reference, field_reference, country, source_type ) values ('03', 'DB', '/Invoice/cbc:DocumentCurrencyCode','/Invoice/cac:InvoiceLine/cac:TaxTotal/cbc:TaxAmount/@currencyID',3,'STRING','','','PE','EXT');

/******************************************************************************************************* Mapeo de Campos de Voided *********************************************************************************************************/
/*********************************************************************************************************************************************************************************************************************************************/
insert into iv_mapfield(document_type, doc_level, source, target, length, data_type, table_reference, field_reference, country, source_type ) values ('RA', 'CV', '01','/VoidedDocuments/cac:AccountingSupplierParty/cbc:CustomerAssignedAccountID',11,'NUMBER','','','PE','TXT');   
insert into iv_mapfield(document_type, doc_level, source, target, length, data_type, table_reference, field_reference, country, source_type ) values ('RA', 'CV', '02','/VoidedDocuments/cac:AccountingSupplierParty/cbc:AdditionalAccountID',1,'NUMBER','','','PE','TXT');
insert into iv_mapfield(document_type, doc_level, source, target, length, data_type, table_reference, field_reference, country, source_type ) values ('RA', 'CV', '03','/VoidedDocuments/cac:AccountingSupplierParty/cac:Party/cac:PartyLegalEntity/cbc:RegistrationName',100,'STRING','','','PE','TXT');
insert into iv_mapfield(document_type, doc_level, source, target, length, data_type, table_reference, field_reference, country, source_type ) values ('RA', 'CV', '04','/VoidedDocuments/cbc:ReferenceDate',10,'STRING','','','PE','TXT');
insert into iv_mapfield(document_type, doc_level, source, target, length, data_type, table_reference, field_reference, country, source_type ) values ('RA', 'CV', '05','/VoidedDocuments/cbc:ID',17,'STRING','','','PE','TXT');
insert into iv_mapfield(document_type, doc_level, source, target, length, data_type, table_reference, field_reference, country, source_type ) values ('RA', 'CV', '06','/VoidedDocuments/cbc:IssueDate',10,'STRING','','','PE','TXT');


insert into iv_mapfield(document_type, doc_level, source, target, length, data_type, table_reference, field_reference, country, source_type ) values ('RA', 'DV', '01','/VoidedDocuments/sac:VoidedDocumentsLine/cbc:LineID',5,'NUMBER','','','PE','TXT');
insert into iv_mapfield(document_type, doc_level, source, target, length, data_type, table_reference, field_reference, country, source_type ) values ('RA', 'DV', '02','/VoidedDocuments/sac:VoidedDocumentsLine/cbc:DocumentTypeCode',2,'STRING','','','PE','TXT');
insert into iv_mapfield(document_type, doc_level, source, target, length, data_type, table_reference, field_reference, country, source_type ) values ('RA', 'DV', '03','/VoidedDocuments/sac:VoidedDocumentsLine/sac:DocumentSerialID',4,'STRING','','','PE','TXT');
insert into iv_mapfield(document_type, doc_level, source, target, length, data_type, table_reference, field_reference, country, source_type ) values ('RA', 'DV', '04','/VoidedDocuments/sac:VoidedDocumentsLine/sac:DocumentNumberID',8,'NUMBER','','','PE','TXT');
insert into iv_mapfield(document_type, doc_level, source, target, length, data_type, table_reference, field_reference, country, source_type ) values ('RA', 'DV', '05','/VoidedDocuments/sac:VoidedDocumentsLine/sac:VoidReasonDescription',100,'STRING','','','PE','TXT');



