

INSERT INTO fac_usuarios("Ruc", "CodUsuario", "Nombre", "TipoUsuario", "isActive", "Password", "RucEmpresa", "email") VALUES ('20565812948', '0010300169', 'CIMA I.T.', 'P', 'Y', '"aJO/0NcyKU8+kLZ1i2TTYQ=="', '0010300169', 'asdfasdf');
insert into fac_opcion_menu ("CodOpcionMenu","Descripcion","UrlPages","ParamDefault","isActive","codOpcionMenuPadre") values ('01','Configuracion','--','--','1','00');
insert into fac_opcion_menu ("CodOpcionMenu","Descripcion","UrlPages","ParamDefault","isActive","codOpcionMenuPadre") values ('02','Administracion','--','--','1','00');
insert into fac_opcion_menu ("CodOpcionMenu","Descripcion","UrlPages","ParamDefault","isActive","codOpcionMenuPadre") values ('03','Documentos Manuales','--','--','1','00');
insert into fac_opcion_menu ("CodOpcionMenu","Descripcion","UrlPages","ParamDefault","isActive","codOpcionMenuPadre") values ('04','Seguridad','--','--','1','00');
insert into fac_opcion_menu ("CodOpcionMenu","Descripcion","UrlPages","ParamDefault","isActive","codOpcionMenuPadre") values ('05','Consulta','--','--','1','00');
insert into fac_opcion_menu ("CodOpcionMenu","Descripcion","UrlPages","ParamDefault","isActive","codOpcionMenuPadre") values ('06','Empresa Emisora','/paginas/empresa/mantenimientoEmpresaEmisora.jsf','--','1','01');
insert into fac_opcion_menu ("CodOpcionMenu","Descripcion","UrlPages","ParamDefault","isActive","codOpcionMenuPadre") values ('07','Claves de Contingencia','/paginas/empresa/IngresoClaveContingencia.jsf','--','1','01');
insert into fac_opcion_menu ("CodOpcionMenu","Descripcion","UrlPages","ParamDefault","isActive","codOpcionMenuPadre") values ('08','Ubicacion Base de Datos','/paginas/Blanco.jsf','--','1','01');
insert into fac_opcion_menu ("CodOpcionMenu","Descripcion","UrlPages","ParamDefault","isActive","codOpcionMenuPadre") values ('09','Clientes','/paginas/Administrador/MantenimientoCliente.jsf','--','1','02');
insert into fac_opcion_menu ("CodOpcionMenu","Descripcion","UrlPages","ParamDefault","isActive","codOpcionMenuPadre") values ('10','Carga Masiva Clientes','/paginas/Blanco.jsf','--','1','02');
insert into fac_opcion_menu ("CodOpcionMenu","Descripcion","UrlPages","ParamDefault","isActive","codOpcionMenuPadre") values ('11','Productos','/paginas/Administrador/Productos.jsf','--','1','02');
insert into fac_opcion_menu ("CodOpcionMenu","Descripcion","UrlPages","ParamDefault","isActive","codOpcionMenuPadre") values ('12','Establecimientos','/paginas/Administrador/establecimiento.jsf','--','1','02');
insert into fac_opcion_menu ("CodOpcionMenu","Descripcion","UrlPages","ParamDefault","isActive","codOpcionMenuPadre") values ('13','Puntos de Emision','/paginas/Administrador/PuntosEmision.jsf','--','1','02');
insert into fac_opcion_menu ("CodOpcionMenu","Descripcion","UrlPages","ParamDefault","isActive","codOpcionMenuPadre") values ('14','Factura','/paginas/documentosManuales/FacturasCompletas.jsf','--','1','03');
insert into fac_opcion_menu ("CodOpcionMenu","Descripcion","UrlPages","ParamDefault","isActive","codOpcionMenuPadre") values ('15','Nota de Crèdito','/paginas/documentosManuales/ComprobanteNotaCredito.jsf','--','1','03');
insert into fac_opcion_menu ("CodOpcionMenu","Descripcion","UrlPages","ParamDefault","isActive","codOpcionMenuPadre") values ('16','Retenciones','/paginas/documentosManuales/ComprobanteRetencion.jsf','--','1','03');
insert into fac_opcion_menu ("CodOpcionMenu","Descripcion","UrlPages","ParamDefault","isActive","codOpcionMenuPadre") values ('17','Guia de Remisión','/paginas/documentosManuales/GuiaDeRemision.jsf','--','1','03');
insert into fac_opcion_menu ("CodOpcionMenu","Descripcion","UrlPages","ParamDefault","isActive","codOpcionMenuPadre") values ('18','Usuarios','/paginas/seguridad/mantenimientoUsuarios.jsf','--','1','04');
insert into fac_opcion_menu ("CodOpcionMenu","Descripcion","UrlPages","ParamDefault","isActive","codOpcionMenuPadre") values ('19','Roles','/paginas/seguridad/roles.jsf','--','1','04');
insert into fac_opcion_menu ("CodOpcionMenu","Descripcion","UrlPages","ParamDefault","isActive","codOpcionMenuPadre") values ('20','Roles-Menu','/paginas/seguridad/MantenimientoRoles_menu.jsf','--','1','04');
insert into fac_opcion_menu ("CodOpcionMenu","Descripcion","UrlPages","ParamDefault","isActive","codOpcionMenuPadre") values ('21','Usuario-Establecimiento','/paginas/seguridad/usuariosEstablecimiento.jsf','--','1','04');
insert into fac_opcion_menu ("CodOpcionMenu","Descripcion","UrlPages","ParamDefault","isActive","codOpcionMenuPadre") values ('22','Documentos','/paginas/Consulta_Documentos/Con_Documento2.jsf','--','1','05');
insert into fac_opcion_menu ("CodOpcionMenu","Descripcion","UrlPages","ParamDefault","isActive","codOpcionMenuPadre") values ('23','Control Documentos','/paginas/Blanco.jsf','--','1','05');
insert into fac_opcion_menu ("CodOpcionMenu","Descripcion","UrlPages","ParamDefault","isActive","codOpcionMenuPadre") values ('24','Nota de Débito','/paginas/documentosManuales/ComprobanteNotaDebito.jsf','--','1','03');
insert into fac_opcion_menu ("CodOpcionMenu","Descripcion","UrlPages","ParamDefault","isActive","codOpcionMenuPadre") values ('25','Recepción','--','--','1','00');
insert into fac_opcion_menu ("CodOpcionMenu","Descripcion","UrlPages","ParamDefault","isActive","codOpcionMenuPadre") values ('26','Ingreso Documento','/paginas/Recepcion/IngresoComprobanteRecepcion.jsf','--','1','25');
insert into fac_opcion_menu ("CodOpcionMenu","Descripcion","UrlPages","ParamDefault","isActive","codOpcionMenuPadre") values ('','','','','','');

--fac_roles
insert into fac_roles ("CodRol", "Descripcion", "isActive") values ('Admin','Administrador','Y');
insert into fac_roles ("CodRol", "Descripcion", "isActive") values ('Clien','Rol del Cliente','Y');
insert into fac_roles ("CodRol", "Descripcion", "isActive") values ('Conta','Rol de Contabilidad','Y');
insert into fac_roles ("CodRol", "Descripcion", "isActive") values ('Siste','Sistemas de informacion','Y');

--fac_roles_opcion_menu
insert into fac_roles_opcion_menu ("codRol", "CodOpcionMenu") values ('Admin','01   ');
insert into fac_roles_opcion_menu ("codRol", "CodOpcionMenu") values ('Admin','02   ');
insert into fac_roles_opcion_menu ("codRol", "CodOpcionMenu") values ('Admin','03   ');
insert into fac_roles_opcion_menu ("codRol", "CodOpcionMenu") values ('Admin','04   ');
insert into fac_roles_opcion_menu ("codRol", "CodOpcionMenu") values ('Admin','05   ');
insert into fac_roles_opcion_menu ("codRol", "CodOpcionMenu") values ('Admin','06   ');
insert into fac_roles_opcion_menu ("codRol", "CodOpcionMenu") values ('Admin','07   ');
insert into fac_roles_opcion_menu ("codRol", "CodOpcionMenu") values ('Admin','09   ');
insert into fac_roles_opcion_menu ("codRol", "CodOpcionMenu") values ('Admin','11   ');
insert into fac_roles_opcion_menu ("codRol", "CodOpcionMenu") values ('Admin','12   ');
insert into fac_roles_opcion_menu ("codRol", "CodOpcionMenu") values ('Admin','13   ');
insert into fac_roles_opcion_menu ("codRol", "CodOpcionMenu") values ('Admin','14   ');
insert into fac_roles_opcion_menu ("codRol", "CodOpcionMenu") values ('Admin','15   ');
insert into fac_roles_opcion_menu ("codRol", "CodOpcionMenu") values ('Admin','16   ');
insert into fac_roles_opcion_menu ("codRol", "CodOpcionMenu") values ('Admin','17   ');
insert into fac_roles_opcion_menu ("codRol", "CodOpcionMenu") values ('Admin','18   ');
insert into fac_roles_opcion_menu ("codRol", "CodOpcionMenu") values ('Admin','19   ');
insert into fac_roles_opcion_menu ("codRol", "CodOpcionMenu") values ('Admin','20   ');
insert into fac_roles_opcion_menu ("codRol", "CodOpcionMenu") values ('Admin','21   ');
insert into fac_roles_opcion_menu ("codRol", "CodOpcionMenu") values ('Admin','22   ');
insert into fac_roles_opcion_menu ("codRol", "CodOpcionMenu") values ('Admin','24   ');
insert into fac_roles_opcion_menu ("codRol", "CodOpcionMenu") values ('Admin','25   ');
insert into fac_roles_opcion_menu ("codRol", "CodOpcionMenu") values ('Admin','26   ');
insert into fac_roles_opcion_menu ("codRol", "CodOpcionMenu") values ('Clien','01   ');
insert into fac_roles_opcion_menu ("codRol", "CodOpcionMenu") values ('Clien','02   ');
insert into fac_roles_opcion_menu ("codRol", "CodOpcionMenu") values ('Clien','03   ');
insert into fac_roles_opcion_menu ("codRol", "CodOpcionMenu") values ('Clien','04   ');
insert into fac_roles_opcion_menu ("codRol", "CodOpcionMenu") values ('Clien','05   ');
insert into fac_roles_opcion_menu ("codRol", "CodOpcionMenu") values ('Clien','06   ');
insert into fac_roles_opcion_menu ("codRol", "CodOpcionMenu") values ('Clien','22   ');
insert into fac_roles_opcion_menu ("codRol", "CodOpcionMenu") values ('Clien','23   ');
insert into fac_roles_opcion_menu ("codRol", "CodOpcionMenu") values ('Conta','01   ');
insert into fac_roles_opcion_menu ("codRol", "CodOpcionMenu") values ('Conta','02   ');
insert into fac_roles_opcion_menu ("codRol", "CodOpcionMenu") values ('Conta','03   ');
insert into fac_roles_opcion_menu ("codRol", "CodOpcionMenu") values ('Conta','04   ');
insert into fac_roles_opcion_menu ("codRol", "CodOpcionMenu") values ('Conta','05   ');
insert into fac_roles_opcion_menu ("codRol", "CodOpcionMenu") values ('Conta','07   ');
insert into fac_roles_opcion_menu ("codRol", "CodOpcionMenu") values ('Conta','09   ');
insert into fac_roles_opcion_menu ("codRol", "CodOpcionMenu") values ('Conta','10   ');
insert into fac_roles_opcion_menu ("codRol", "CodOpcionMenu") values ('Conta','11   ');
insert into fac_roles_opcion_menu ("codRol", "CodOpcionMenu") values ('Conta','12   ');
insert into fac_roles_opcion_menu ("codRol", "CodOpcionMenu") values ('Conta','13   ');
insert into fac_roles_opcion_menu ("codRol", "CodOpcionMenu") values ('Conta','18   ');
insert into fac_roles_opcion_menu ("codRol", "CodOpcionMenu") values ('Conta','19   ');
insert into fac_roles_opcion_menu ("codRol", "CodOpcionMenu") values ('Conta','20   ');
insert into fac_roles_opcion_menu ("codRol", "CodOpcionMenu") values ('Conta','21   ');
insert into fac_roles_opcion_menu ("codRol", "CodOpcionMenu") values ('Conta','22   ');
insert into fac_roles_opcion_menu ("codRol", "CodOpcionMenu") values ('Conta','23   ');
insert into fac_roles_opcion_menu ("codRol", "CodOpcionMenu") values ('Siste','01   ');
insert into fac_roles_opcion_menu ("codRol", "CodOpcionMenu") values ('Siste','02   ');
insert into fac_roles_opcion_menu ("codRol", "CodOpcionMenu") values ('Siste','03   ');
insert into fac_roles_opcion_menu ("codRol", "CodOpcionMenu") values ('Siste','04   ');
insert into fac_roles_opcion_menu ("codRol", "CodOpcionMenu") values ('Siste','05   ');
insert into fac_roles_opcion_menu ("codRol", "CodOpcionMenu") values ('Siste','22   ');
insert into fac_roles_opcion_menu ("codRol", "CodOpcionMenu") values ('Siste','23   ');

insert into fac_usuarios_roles ("Ruc","CodUsuario","CodRol","isActive") values ('20565812948','0010300169','Admin','Y');
